loss_vf_loss,loss_ent,EpisodesSoFar,TimeElapsed,EpThisIter,EpLenMean,TimestepsSoFar,loss_kl,EpRewMean,loss_pol_entpen,ev_tdlam_before,loss_pol_surr
0.028998116,11.367251,8,53.57023310661316,8,234.375,1875,0.018750157,-0.07414309775240202,0.0,-2.1709065437316895,-0.050295483
0.019779144,11.371318,16,104.59057569503784,8,244.5,3912,0.01815475,0.4348280959432802,0.0,-0.22049641609191895,-0.054257754
0.021767851,11.313783,25,156.70423340797424,9,242.64,6066,0.01875119,0.3981434286674633,0.0,0.03645807504653931,-0.05472851
0.01699112,11.284944,32,207.54602885246277,7,251.71875,8055,0.018254234,0.7909471456729495,0.0,0.02987736463546753,-0.058309264
0.025843427,11.270476,39,258.07830286026,7,256.3076923076923,9996,0.017147796,0.937216149970244,0.0,-0.04365110397338867,-0.055723764
0.026570428,11.272122,46,312.15251564979553,7,262.8695652173913,12092,0.017654995,1.276333461049197,0.0,-0.026149988174438477,-0.057242904
0.023734182,11.24711,53,385.5799767971039,7,269.33962264150944,14275,0.020476993,1.4919727055174805,0.0,0.07724809646606445,-0.059865113
0.026857534,11.208975,59,440.41628193855286,6,277.0,16343,0.017719885,1.7884008936565503,0.0,0.08200252056121826,-0.059189204
0.030262576,11.209441,64,494.2750680446625,5,284.140625,18185,0.017474541,2.0456060561768257,0.0,0.12410664558410645,-0.05462515
0.03635491,11.157552,70,546.1330606937408,6,289.9428571428571,20296,0.018510083,2.29521460657093,0.0,0.15216457843780518,-0.06329672
0.0492156,11.146739,76,598.8160798549652,6,293.2105263157895,22284,0.020954061,2.4035136144083404,0.0,0.01714867353439331,-0.062326986
0.0383498,11.097321,81,660.1376633644104,5,303.04938271604937,24547,0.019444112,2.771187398021615,0.0,0.0002047419548034668,-0.06499702
0.044537045,11.118083,86,717.467353105545,5,308.7674418604651,26554,0.01829564,3.0204181204866636,0.0,0.029703080654144287,-0.05777396
0.050236247,11.1068945,91,779.7651200294495,5,314.3736263736264,28608,0.014756071,3.2344076589590327,0.0,0.09474754333496094,-0.05713582
0.05984553,11.028199,96,836.9130127429962,5,319.4479166666667,30667,0.020678375,3.43929457389985,0.0,0.1395617127418518,-0.06322531
0.05159524,10.983541,100,894.3377792835236,4,324.83,32483,0.0191661,3.62936375310195,0.0,0.07928735017776489,-0.06359312
0.060042407,10.946116,104,952.7934331893921,4,336.99,34601,0.019938719,4.1365889409986165,0.0,-0.05054140090942383,-0.061717317
0.06074934,10.90272,108,1014.5050113201141,4,343.99,36274,0.021054491,4.427436045156635,0.0,0.08949458599090576,-0.062285658
0.066353396,10.8964205,112,1075.270089149475,4,355.6,38507,0.020000314,4.884689572335712,0.0,0.05926847457885742,-0.058727834
0.08532548,10.85556,117,1130.9193148612976,5,365.44,40694,0.0194686,5.262135529768932,0.0,0.12715297937393188,-0.058827344
0.12761684,10.835635,121,1189.2218811511993,4,372.26,42380,0.020313742,5.506369038489954,0.0,0.09197276830673218,-0.05603296
0.061889928,10.804821,125,1248.5175051689148,4,387.57,44823,0.021604301,6.118537086633927,0.0,-0.05203521251678467,-0.062356267
0.06789291,10.789449,129,1306.7538244724274,4,396.06,46727,0.020566221,6.419749066754498,0.0,0.04177725315093994,-0.058549006
0.070088424,10.734738,133,1367.1267492771149,4,405.14,48900,0.01899465,6.81730960629914,0.0,0.08461087942123413,-0.06488271
0.06956368,10.716521,136,1428.7336511611938,3,416.81,50835,0.0185365,7.27632114661083,0.0,0.0866054892539978,-0.06093104
0.06343971,10.722146,139,1498.097201347351,3,427.82,52778,0.023654068,7.727681947040858,0.0,0.08818972110748291,-0.065455884
0.05467521,10.696279,142,1552.780720949173,3,436.51,54583,0.01946388,8.061265199035796,0.0,0.2054850459098816,-0.061721444
0.107619025,10.642497,146,1608.3140156269073,4,451.82,57274,0.019870779,8.656430460067426,0.0,0.11202961206436157,-0.059105918
0.0666542,10.628726,148,1657.039124250412,2,462.09,58928,0.020027755,9.071199501277492,0.0,0.2156626582145691,-0.06872961
0.08471921,10.562797,151,1712.3286023139954,3,476.44,61341,0.020593075,9.696629696231962,0.0,0.07490545511245728,-0.06137785
0.06285332,10.518983,153,1764.3266825675964,2,490.16,63291,0.020575937,10.24403941430417,0.0,0.12330830097198486,-0.0639869
0.07718196,10.490142,155,1819.5374312400818,2,503.17,65339,0.022260556,10.838330378830186,0.0,0.025976598262786865,-0.06679868
0.07135371,10.464364,157,1871.11013174057,2,511.69,66865,0.019236075,11.20523527693058,0.0,0.16101276874542236,-0.055435263
0.06884111,10.450969,159,1924.0903506278992,2,523.1,68653,0.018209089,11.709086973426198,0.0,0.12480717897415161,-0.05809832
0.07993257,10.447906,161,1974.883897781372,2,535.82,70701,0.01991879,12.350184958011907,0.0,0.108970046043396,-0.061017748
0.07994452,10.41574,163,2025.445011138916,2,548.65,72749,0.018536437,12.935947217103232,0.0,-0.012935161590576172,-0.061189972
0.14641348,10.437472,166,2077.097123861313,3,566.75,75524,0.022986429,13.774807676232214,0.0,0.10669571161270142,-0.061885044
0.096067525,10.424755,168,2128.5975053310394,2,580.1,77572,0.022067687,14.471860650268265,0.0,-0.05701029300689697,-0.061726324
0.09491217,10.412567,170,2180.354668855667,2,593.24,79620,0.019288855,15.10594777585216,0.0,0.06906634569168091,-0.06290276
0.09926087,10.415158,172,2231.586926460266,2,605.85,81668,0.020103512,15.71353135400926,0.0,0.043145835399627686,-0.0598002
0.09242684,10.401562,174,2282.4569211006165,2,619.55,83716,0.017336216,16.467913503534568,0.0,0.008010625839233398,-0.05572567
0.09024737,10.346274,176,2333.0802550315857,2,634.8,85764,0.018396258,17.256610672435208,0.0,0.019063234329223633,-0.05623418
0.11059384,10.307792,178,2383.2997341156006,2,645.91,87812,0.020257551,17.827598404320046,0.0,0.09287208318710327,-0.064546295
0.097721435,10.255879,180,2435.058892726898,2,656.88,89860,0.02018361,18.454425778273972,0.0,-0.11712956428527832,-0.061735146
0.11244689,10.220401,182,2486.3690881729126,2,669.47,91908,0.019794293,19.164799995286174,0.0,0.02155858278274536,-0.054667458
0.107287824,10.189725,184,2538.160766839981,2,682.16,93956,0.022146001,19.938356236272895,0.0,0.04006922245025635,-0.059202135
0.12026219,10.165343,186,2589.4995682239532,2,694.5,96004,0.018606925,20.655352548870905,0.0,0.07648122310638428,-0.059200384
0.14222115,10.150379,188,2640.904732465744,2,706.61,98052,0.017006144,21.35848809958262,0.0,-0.034284114837646484,-0.058981847
0.12235465,10.119242,190,2691.267635822296,2,718.59,100100,0.019575886,22.140516199677673,0.0,-0.08616483211517334,-0.058297064
0.13538803,10.092712,192,2741.7824227809906,2,732.8,102148,0.01958914,23.043011916296283,0.0,-0.01042163372039795,-0.057301078
0.1552573,10.068798,194,2791.8628561496735,2,744.62,104196,0.021277968,23.86148886816631,0.0,0.052118122577667236,-0.058231987
0.13482396,10.031432,196,2842.6589291095734,2,755.77,106244,0.019321527,24.625693876133933,0.0,0.0009821653366088867,-0.056253098
0.14293206,9.995707,198,2892.445263147354,2,767.59,108292,0.019920375,25.447277332445697,0.0,0.048682332038879395,-0.056747448
0.15617368,9.962116,200,2942.5839047431946,2,778.57,110340,0.016548363,26.332777769662993,0.0,0.043373703956604004,-0.05696073
0.24236332,9.932769,202,2992.2320206165314,2,783.04,111827,0.023831716,26.621932034299437,0.0,-0.030192017555236816,-0.0605003
0.17013471,9.949268,204,3042.049277305603,2,792.74,113875,0.020632448,27.441064196186563,0.0,-0.16979360580444336,-0.05868825
0.21968395,9.897794,206,3092.1126520633698,2,804.83,115867,0.019065147,28.166969769482307,0.0,0.00884103775024414,-0.060433395
0.18758662,9.869323,208,3142.2050404548645,2,816.41,117915,0.022443322,29.02006249334102,0.0,-0.17688119411468506,-0.05584877
0.17671135,9.843385,210,3192.2480895519257,2,825.49,119963,0.021521928,29.756432158539614,0.0,0.010239362716674805,-0.05546217
0.16669172,9.794606,212,3242.441550016403,2,835.04,122011,0.019624036,30.50529945065885,0.0,0.017245054244995117,-0.056961663
0.18662734,9.79134,214,3292.015601158142,2,847.18,124059,0.021641785,31.35433464378805,0.0,-0.007469058036804199,-0.058602087
0.16976525,9.7803135,216,3342.6413955688477,2,859.3,126107,0.018838488,32.2572814622444,0.0,0.04886889457702637,-0.05471779
0.30597088,9.809947,219,3393.526371717453,3,870.86,128706,0.02191056,33.28133745546737,0.0,0.09525293111801147,-0.059545998
0.21524897,9.854615,221,3443.903979063034,2,883.74,130754,0.01908798,34.111131609353166,0.0,0.1790364384651184,-0.06709898
0.21193208,9.797395,223,3494.5118033885956,2,888.56,132802,0.021933341,34.75093915675913,0.0,-0.016545414924621582,-0.054591037
0.18794498,9.779348,225,3544.5722358226776,2,900.27,134850,0.019948794,35.61166298799935,0.0,0.042806148529052734,-0.058873978
0.2734259,9.727844,227,3594.8990335464478,2,907.03,136320,0.02204106,36.062878357044724,0.0,0.051386356353759766,-0.056780778
0.34675786,9.72346,230,3645.729055404663,3,915.34,138841,0.022536585,36.906244165616,0.0,0.3446922302246094,-0.061444744
0.1851319,9.681356,232,3695.8474617004395,2,926.11,140889,0.023949886,37.75499104374662,0.0,-0.2308727502822876,-0.06359869
0.19118401,9.647523,234,3746.0834670066833,2,936.22,142937,0.021140665,38.6325030998865,0.0,0.046815335750579834,-0.05688852
0.20440641,9.590177,236,3796.542192697525,2,941.5,144985,0.018698923,39.3128988327726,0.0,-0.025426387786865234,-0.057415403
0.27651012,9.603421,238,3846.9439084529877,2,942.77,146553,0.022027971,39.64026084033322,0.0,0.07897496223449707,-0.057405245
0.20312616,9.573792,240,3897.641758441925,2,952.61,148601,0.022402205,40.51225816736344,0.0,-0.232674241065979,-0.057033774
0.18415484,9.536856,242,3948.4156262874603,2,960.66,150649,0.019769756,41.26551734631368,0.0,0.023334205150604248,-0.058289453
0.21271718,9.51366,244,3998.760241985321,2,965.84,152697,0.02196154,41.9327488314342,0.0,-0.10873031616210938,-0.057035923
0.18712091,9.493436,246,4048.909670352936,2,974.71,154745,0.021081457,42.79098354549758,0.0,0.012822985649108887,-0.052466124
0.2057821,9.449096,248,4099.062637090683,2,978.65,156793,0.01915521,43.41200565405324,0.0,0.04106646776199341,-0.05640907
0.21977647,9.4088545,250,4149.626489400864,2,979.65,158841,0.022478769,43.955613825937725,0.0,0.032419025897979736,-0.058036905
0.22695498,9.391969,252,4199.320613384247,2,985.66,160889,0.02191975,44.720679243904584,0.0,-0.001990199089050293,-0.056758363
0.34293982,9.374132,255,4250.0214631557465,3,978.72,163211,0.021290068,44.86915689069055,0.0,-0.05927097797393799,-0.061490946
0.22443849,9.323546,257,4300.383820772171,2,983.94,165259,0.024526736,45.604638533827504,0.0,-0.27264201641082764,-0.058888342
0.20863461,9.278927,259,4351.750121593475,2,986.54,167307,0.020586232,46.20116128429521,0.0,0.010278284549713135,-0.053912558
0.22329773,9.246219,261,4402.41020154953,2,986.54,169355,0.021614112,46.677653231135885,0.0,-0.044611334800720215,-0.054331522
0.20697688,9.252553,263,4452.795905828476,2,986.54,171403,0.01951981,47.13702142525139,0.0,0.015277683734893799,-0.051405635
0.24084857,9.227953,265,4503.448689222336,2,986.54,173451,0.019492585,47.63820601672942,0.0,-0.030287504196166992,-0.054512672
0.21474586,9.194692,267,4554.014410972595,2,989.51,175499,0.020255767,48.20129110029549,0.0,-0.07366478443145752,-0.04647407
0.2514028,9.156207,269,4604.752373456955,2,989.51,177547,0.019880688,48.66748503352142,0.0,-0.020041942596435547,-0.0558714
0.23627575,9.078959,271,4655.011009216309,2,989.51,179595,0.02167009,49.10725907919453,0.0,0.013592779636383057,-0.05624755
0.24276182,9.017208,273,4705.097393274307,2,989.51,181643,0.02004876,49.485202843944265,0.0,-0.06265926361083984,-0.057943158
0.22247835,8.968645,275,4755.783292531967,2,989.51,183691,0.018643674,49.90426100160435,0.0,-0.047244906425476074,-0.05233104
0.23423038,8.916538,277,4806.201946735382,2,989.51,185739,0.020842664,50.35540612149092,0.0,0.013977229595184326,-0.054284453
0.27086946,8.903608,279,4857.171046972275,2,987.08,187544,0.021423746,50.4284582108644,0.0,0.04242813587188721,-0.062447492
0.4170115,8.891965,282,4907.604726791382,3,982.01,190109,0.022817668,50.51994076970767,0.0,0.25422030687332153,-0.06465782
0.2483036,8.869778,284,4957.892357587814,2,982.01,192157,0.022201693,50.75486365261868,0.0,-0.14000892639160156,-0.05890947
0.23875877,8.803647,286,5007.520505189896,2,982.01,194205,0.021171516,51.11365519976286,0.0,-0.0319293737411499,-0.054992583
0.24604446,8.77362,288,5056.92641043663,2,982.01,196253,0.020019984,51.45853200945904,0.0,0.00907444953918457,-0.05361166
0.23840915,8.726973,290,5106.650582075119,2,982.01,198301,0.01954217,51.791461814107734,0.0,0.006953239440917969,-0.05542886
0.25633067,8.675632,292,5156.537823677063,2,982.01,200349,0.018964954,52.14074644995807,0.0,0.07808548212051392,-0.05448194
0.2629321,8.638594,294,5206.983995437622,2,982.01,202397,0.018661516,52.45925739480319,0.0,0.049989402294158936,-0.054032788
0.27826625,8.62718,296,5257.877081632614,2,982.01,204445,0.025763258,52.73869876431746,0.0,0.02574557065963745,-0.052868735
0.26745462,8.616882,298,5308.212641716003,2,982.01,206493,0.01727255,53.01981106523022,0.0,0.04625624418258667,-0.053598113
0.2507939,8.579327,300,5359.1777448654175,2,982.01,208541,0.02161994,53.22776040925796,0.0,0.00823909044265747,-0.054688267
0.25119334,8.528629,302,5410.873241901398,2,987.62,210589,0.019690294,53.96800269694621,0.0,-0.0142822265625,-0.049274884
0.2526608,8.513398,304,5460.78555059433,2,987.62,212637,0.020756945,54.1371014022086,0.0,-0.0025404691696166992,-0.051962536
0.25640652,8.504961,306,5511.331307888031,2,988.18,214685,0.020491814,54.552703228473895,0.0,-0.0485537052154541,-0.054604188
0.27306253,8.486202,308,5561.356155395508,2,988.18,216733,0.020977424,54.790040660824,0.0,-0.029258370399475098,-0.05384142
0.2622061,8.491014,310,5611.617670059204,2,988.18,218781,0.020355217,55.02662861702882,0.0,-0.059996724128723145,-0.05717229
0.26414815,8.4470825,312,5661.848322868347,2,988.18,220829,0.022340558,55.282633535666456,0.0,-0.009441256523132324,-0.057861317
0.27822113,8.41411,314,5711.321273088455,2,988.18,222877,0.018703677,55.546774834142774,0.0,-0.007383227348327637,-0.056270882
0.25265446,8.343945,316,5761.399190664291,2,988.18,224925,0.018941863,55.83058102346085,0.0,0.038522183895111084,-0.05413785
0.28831747,8.314467,318,5811.172448635101,2,988.18,226973,0.020293865,56.02846439743306,0.0,-0.005531668663024902,-0.055048265
0.26722234,8.314395,320,5861.515073060989,2,992.91,229021,0.022124225,56.78916558029187,0.0,-0.02109813690185547,-0.053280063
0.2801838,8.259691,322,5912.700545787811,2,992.91,231069,0.021404358,57.057247645891245,0.0,-0.004129886627197266,-0.055802133
0.28206605,8.262605,324,5962.9135818481445,2,992.91,233117,0.020168586,57.28368053338289,0.0,-0.01270902156829834,-0.057977054
0.28987524,8.187772,326,6013.59139919281,2,998.69,235165,0.021939786,57.99679724986391,0.0,-0.017668843269348145,-0.054835275
0.29768112,8.154934,328,6064.392415523529,2,998.69,237213,0.02467158,58.26636201838599,0.0,0.004936814308166504,-0.055255737
0.30680725,8.108476,330,6113.980961799622,2,1004.2,239261,0.024671884,58.979110605519445,0.0,0.01138317584991455,-0.05409778
0.2981509,8.072155,332,6164.008359193802,2,1004.2,241309,0.021201994,59.264832493570545,0.0,-0.0074007511138916016,-0.052746415
0.28786606,8.042739,334,6214.675206899643,2,1004.2,243357,0.02115502,59.49113197579673,0.0,0.02930551767349243,-0.054832622
0.29273435,7.9937596,336,6264.9847638607025,2,1004.2,245405,0.021952705,59.78641615255879,0.0,0.04510408639907837,-0.050879095
0.30841425,7.991909,338,6314.88316321373,2,1009.0,247453,0.022176117,60.348711955976796,0.0,-0.015633702278137207,-0.052592907
0.2932989,7.9682283,340,6365.026695013046,2,1009.0,249501,0.024567401,60.54119550610257,0.0,-0.026390552520751953,-0.049514335
0.29007208,7.94687,342,6414.557687520981,2,1009.0,251549,0.023197806,60.79084834468622,0.0,-0.03599274158477783,-0.053070284
0.2958807,7.9287453,344,6464.138834953308,2,1009.0,253597,0.026737567,61.06497520908735,0.0,-0.0009212493896484375,-0.05339188
0.29171875,7.902584,346,6513.843948125839,2,1009.0,255645,0.019828828,61.295407891329276,0.0,-0.00490260124206543,-0.0531022
0.30119908,7.888073,348,6563.741276979446,2,1009.0,257693,0.021785926,61.50849923884588,0.0,-0.004653573036193848,-0.053517547
0.2816548,7.8269844,350,6614.082795143127,2,1009.0,259741,0.022018453,61.68702503392514,0.0,0.015430331230163574,-0.057541076
0.32372233,7.8163633,352,6665.031864404678,2,1009.0,261789,0.025377732,61.89423357150033,0.0,0.0017462968826293945,-0.05780976
0.31941313,7.7928123,354,6714.862090110779,2,1016.5,263837,0.02551938,62.65946962998672,0.0,0.01756817102432251,-0.054173417
0.3065135,7.7574463,356,6764.633304834366,2,1016.5,265885,0.023721952,62.87107629804704,0.0,0.04943656921386719,-0.05563623
0.304718,7.7206106,358,6814.427036523819,2,1016.5,267933,0.022177737,63.11457309539644,0.0,0.0249406099319458,-0.05408846
0.3157594,7.6628294,360,6864.87068104744,2,1016.5,269981,0.02304473,63.377584636131985,0.0,0.00012093782424926758,-0.060873255
0.31288022,7.6516447,362,6914.9050760269165,2,1016.5,272029,0.02179721,63.539763831887655,0.0,-0.02771317958831787,-0.05166559
0.31262076,7.629017,364,6964.706259727478,2,1016.5,274077,0.021768473,63.83917825740351,0.0,0.01460963487625122,-0.052093644
0.32016858,7.5753636,366,7014.019402980804,2,1016.5,276125,0.024547458,63.987530013664745,0.0,-0.06482338905334473,-0.057226926
0.31232092,7.533307,368,7063.655490159988,2,1016.5,278173,0.022777025,64.16753736425214,0.0,-0.036611080169677734,-0.05505628
0.29421476,7.4866447,370,7113.611896514893,2,1016.5,280221,0.025320934,64.38769161486105,0.0,-0.029156804084777832,-0.05463477
0.30927855,7.484955,372,7164.291303396225,2,1016.5,282269,0.024479145,64.65538931859227,0.0,-0.01835310459136963,-0.05505816
0.34773394,7.493424,374,7214.982177734375,2,1013.86,284053,0.022040887,64.49175766145669,0.0,-0.055411577224731445,-0.05900183
0.30600047,7.479489,376,7265.659010410309,2,1013.86,286101,0.026035614,64.7018277031876,0.0,-0.17421209812164307,-0.054886557
0.3019795,7.4600105,378,7316.243744850159,2,1016.29,288149,0.024954865,65.10552106656881,0.0,0.06844544410705566,-0.060838815
0.3100079,7.4384317,380,7366.554433345795,2,1016.29,290197,0.02461746,65.39601018351776,0.0,0.032451510429382324,-0.054857757
0.32126868,7.3989253,382,7416.389646291733,2,1021.36,292245,0.025373433,66.02061958438213,0.0,-0.07709693908691406,-0.061107922
0.34651837,7.4031334,384,7465.948656320572,2,1021.36,294293,0.025822954,66.30151052038394,0.0,-0.01298677921295166,-0.05422785
0.3086349,7.404647,386,7516.083088874817,2,1021.36,296341,0.023900878,66.48725256768813,0.0,-0.010720014572143555,-0.052566104
0.33513346,7.364991,388,7566.400668382645,2,1021.36,298389,0.024358287,66.68703833475534,0.0,-0.0031353235244750977,-0.05558492
0.32914048,7.321369,390,7617.092480659485,2,1021.36,300437,0.024041578,66.89712099367819,0.0,-0.05564248561859131,-0.052756015
0.32630467,7.3289037,392,7667.441051721573,2,1021.36,302485,0.024881614,67.03446407079109,0.0,-0.046346426010131836,-0.050443433
0.34180576,7.2755923,394,7716.900517702103,2,1021.36,304533,0.025041185,67.13486560850365,0.0,0.0008757710456848145,-0.054667067
0.33767146,7.232605,396,7767.112002849579,2,1021.36,306581,0.025692584,67.36788063184109,0.0,-0.005395650863647461,-0.056612197
0.33161652,7.195004,398,7816.949216365814,2,1021.36,308629,0.025564482,67.5314816661271,0.0,0.06581521034240723,-0.056003895
0.34611392,7.1845083,400,7866.851526021957,2,1021.36,310677,0.021328038,67.69413947617616,0.0,-0.04130220413208008,-0.052652538
0.37149224,7.1299906,402,7917.193172454834,2,1021.36,312725,0.022345707,67.8706876105975,0.0,-0.013685941696166992,-0.056631196
0.2999038,7.080993,404,7967.384726524353,2,1021.36,314773,0.02337945,68.12186080491105,0.0,-0.005895495414733887,-0.059402917
0.3391975,7.0527496,406,8017.624291419983,2,1021.36,316821,0.02314695,68.27435061204446,0.0,-0.06628787517547607,-0.058921706
0.34031573,7.028661,408,8067.854068517685,2,1021.36,318869,0.027271321,68.47225841721178,0.0,-0.03738820552825928,-0.055309944
0.33052343,6.9800262,410,8118.17266702652,2,1021.36,320917,0.024278013,68.67483598239744,0.0,0.08145415782928467,-0.05910193
0.35810137,6.961163,412,8167.869787454605,2,1021.36,322965,0.022912864,68.8887525434308,0.0,-0.02505946159362793,-0.0585996
0.38098246,6.947636,414,8217.539969682693,2,1021.36,325013,0.023007076,69.1374918871237,0.0,-0.05712389945983887,-0.058025915
0.3518046,6.889037,416,8267.871097564697,2,1021.36,327061,0.022632886,69.31446239721987,0.0,-0.017821192741394043,-0.058762204
0.36106625,6.8701525,418,8317.697383403778,2,1021.36,329109,0.023444505,69.42277419456492,0.0,-0.05700385570526123,-0.05393017
0.3758545,6.8194118,420,8367.828835964203,2,1021.36,331157,0.022760713,69.56329135971735,0.0,-0.05529153347015381,-0.05545621
0.36026084,6.772004,422,8418.038350105286,2,1021.36,333205,0.024353292,69.70792739438926,0.0,0.009881377220153809,-0.053161915
0.35635343,6.741635,424,8467.723551511765,2,1021.36,335253,0.02136177,69.89337147371577,0.0,-0.045625925064086914,-0.050787117
0.3403152,6.694352,426,8518.637617349625,2,1021.36,337301,0.021572594,70.07740846165275,0.0,-0.010693192481994629,-0.05282919
0.3652675,6.6530924,428,8569.365577697754,2,1021.36,339349,0.026173014,70.18901663626637,0.0,-0.03637862205505371,-0.051906195
0.36960146,6.583263,430,8619.620627880096,2,1021.36,341397,0.027070109,70.30033104597973,0.0,-0.012582182884216309,-0.051898967
0.351736,6.536056,432,8669.945204734802,2,1021.36,343445,0.024368308,70.45751706318589,0.0,-0.016644716262817383,-0.054200083
0.34713003,6.4827995,434,8720.486947059631,2,1021.36,345493,0.026083173,70.54032857301135,0.0,0.053447067737579346,-0.05413796
0.36162114,6.4440928,436,8771.194788455963,2,1021.36,347541,0.02855825,70.61470354471743,0.0,0.006121575832366943,-0.051717844
0.36055896,6.464232,438,8820.7858273983,2,1021.36,349589,0.022442611,70.83026482955106,0.0,0.0020897984504699707,-0.05255934
0.33639625,6.440685,440,8871.211470842361,2,1021.36,351637,0.028593281,71.02228729779613,0.0,-0.0003777742385864258,-0.05415758
0.3920655,6.4310765,442,8921.955320596695,2,1021.36,353685,0.026729176,71.22138236702509,0.0,-0.01214134693145752,-0.057813082
0.3681486,6.363814,444,8972.561089038849,2,1021.36,355733,0.031562034,71.40666123302543,0.0,0.03411459922790527,-0.05158027
0.38713533,6.339512,446,9022.93673992157,2,1021.36,357781,0.023241887,71.62400882586817,0.0,-0.014144420623779297,-0.057411853
0.381924,6.317825,448,9072.984260082245,2,1021.36,359829,0.028700655,71.89159722723583,0.0,0.015871405601501465,-0.05236333
0.40212926,6.274261,450,9122.51829123497,2,1021.36,361877,0.025140092,72.06496288627662,0.0,0.012077510356903076,-0.054309152
0.3747636,6.2454185,452,9172.706290006638,2,1021.36,363925,0.024269378,72.27152088322013,0.0,0.02316570281982422,-0.052116353
0.4013383,6.2043047,454,9223.300055980682,2,1021.36,365973,0.023126673,72.53015193251629,0.0,-0.00660550594329834,-0.052912068
0.4020406,6.1850176,456,9273.285305023193,2,1021.36,368021,0.03135402,72.69360181306347,0.0,0.02644401788711548,-0.04863106
0.39639133,6.1642103,458,9323.400765657425,2,1021.36,370069,0.025924178,72.89351901374866,0.0,-0.011768460273742676,-0.05268854
0.41137898,6.1330247,460,9373.400203227997,2,1021.36,372117,0.028650902,73.00250304713983,0.0,0.0005787014961242676,-0.050756954
0.36875525,6.122951,462,9423.713828086853,2,1021.36,374165,0.027122024,73.11880242117424,0.0,0.011437296867370605,-0.050251987
0.41280246,6.063173,464,9473.618154525757,2,1021.36,376213,0.030490274,73.21695114226651,0.0,-0.010210990905761719,-0.052981436
0.4109565,6.034992,466,9523.72472167015,2,1021.36,378261,0.028618826,73.44409659320439,0.0,-0.04426991939544678,-0.054402135
0.4037655,6.005122,468,9573.569971323013,2,1021.36,380309,0.023636594,73.64022396054703,0.0,-0.02572762966156006,-0.056000013
0.39723602,5.9600205,470,9623.626420021057,2,1021.36,382357,0.028909473,73.83256155216391,0.0,-0.013196110725402832,-0.05179751
0.4131903,5.9561043,472,9673.036325931549,2,1021.36,384405,0.02900567,73.98796003872026,0.0,-0.007609009742736816,-0.05228844
0.4208107,5.892848,474,9723.44405412674,2,1024.0,386453,0.026650317,74.53616573907811,0.0,-0.01660466194152832,-0.05615556
0.39686975,5.8370824,476,9774.012786865234,2,1024.0,388501,0.025100349,74.75095455352765,0.0,0.04009765386581421,-0.057569012
0.3987578,5.8066707,478,9823.803001403809,2,1024.0,390549,0.027385158,74.96166558179378,0.0,-0.01644909381866455,-0.05287981
0.40673247,5.7723494,480,9874.14964556694,2,1024.0,392597,0.026659876,75.09209273189371,0.0,-0.03907155990600586,-0.053479962
0.4149178,5.748449,482,9923.38642835617,2,1024.0,394645,0.027113946,75.32789711383148,0.0,-0.01509082317352295,-0.054608785
0.42106485,5.730391,484,9972.938516616821,2,1024.0,396693,0.03287265,75.52090200926905,0.0,0.010097265243530273,-0.05227663
0.39729825,5.694173,486,10023.61835861206,2,1024.0,398741,0.029951427,75.67468813942769,0.0,0.02954477071762085,-0.0523571
0.43070343,5.6677446,488,10073.414754390717,2,1024.0,400789,0.026300495,75.90983505062947,0.0,-0.05618143081665039,-0.054040264
0.4102933,5.6341996,490,10122.883998155594,2,1024.0,402837,0.02379675,76.04056994868401,0.0,-0.006395697593688965,-0.054880343
0.41703117,5.6033216,492,10172.663197755814,2,1024.0,404885,0.025617048,76.23092964661738,0.0,0.02729278802871704,-0.055244766
0.42119765,5.608064,494,10222.848693609238,2,1024.0,406933,0.026640464,76.40078769753318,0.0,-0.0315706729888916,-0.051630776
0.4118275,5.5862174,496,10272.488883256912,2,1024.0,408981,0.02488056,76.55886939865191,0.0,-0.0008823871612548828,-0.05076943
0.42595825,5.583995,498,10322.019874334335,2,1024.0,411029,0.027579006,76.76521550062091,0.0,0.011713981628417969,-0.056921855
0.46992016,5.559139,500,10372.07536149025,2,1024.0,413077,0.025142586,76.98913955123348,0.0,-0.006096005439758301,-0.058659337
0.42192978,5.5668693,502,10423.04245376587,2,1024.0,415125,0.034359064,77.22719293985291,0.0,0.007366657257080078,-0.052433018
0.44510213,5.525894,504,10473.356005907059,2,1024.0,417173,0.03114011,77.38841936214912,0.0,-0.025609731674194336,-0.054320406
0.40767545,5.5005746,506,10523.742675065994,2,1024.0,419221,0.027248057,77.57400790926015,0.0,0.002523064613342285,-0.054658737
0.42767292,5.4512124,508,10574.170387983322,2,1024.0,421269,0.026950339,77.74698223294311,0.0,-0.04387557506561279,-0.054549523
0.45490828,5.4435563,510,10624.739616394043,2,1024.0,423317,0.028866068,77.88577451479252,0.0,0.016715943813323975,-0.06344187
0.45972803,5.4009967,512,10674.659935474396,2,1024.0,425365,0.02667016,78.04347213090702,0.0,-0.02040839195251465,-0.05528546
0.42473727,5.3555923,514,10724.229954481125,2,1024.0,427413,0.025889274,78.20035080111602,0.0,-0.03884243965148926,-0.05381127
0.42880538,5.3359056,516,10774.502076148987,2,1024.0,429461,0.030046243,78.34127491407153,0.0,-0.024545788764953613,-0.053193238
0.4508012,5.277913,518,10824.79260468483,2,1024.0,431509,0.03317409,78.60895951463435,0.0,-0.02875363826751709,-0.05008009
0.4559093,5.2282557,520,10874.914110422134,2,1024.0,433557,0.025686499,78.81732793194621,0.0,0.030146896839141846,-0.055070866
0.45152268,5.2005877,522,10925.041757822037,2,1024.0,435605,0.026172865,79.01601039720379,0.0,-0.02077782154083252,-0.05031098
0.45967656,5.162196,524,10974.824029922485,2,1024.0,437653,0.032119125,79.25596752981241,0.0,-0.007478475570678711,-0.05099012
0.47630262,5.131224,526,11024.592213869095,2,1024.0,439701,0.029851984,79.4173250656001,0.0,0.007534205913543701,-0.055627696
0.44532353,5.088893,528,11074.001118659973,2,1024.0,441749,0.029094977,79.65433691715458,0.0,-0.006503701210021973,-0.055715367
0.46341738,5.056517,530,11123.763306617737,2,1024.0,443797,0.03130682,79.83620916982254,0.0,0.03479933738708496,-0.05495642
0.45751706,5.0008745,532,11174.318132162094,2,1024.0,445845,0.026663095,79.96035015998272,0.0,0.03783738613128662,-0.05267826
0.47768244,4.9827437,534,11225.160082817078,2,1024.0,447893,0.031661164,80.28431190076249,0.0,-0.004975438117980957,-0.053366244
0.48260683,4.9591303,536,11274.81123661995,2,1024.0,449941,0.027714329,80.56821606397611,0.0,0.008609116077423096,-0.055062275
0.46655968,4.9251194,538,11324.404340744019,2,1024.0,451989,0.027213404,80.76076884633343,0.0,-0.018538832664489746,-0.05204752
0.45063713,4.8963933,540,11375.205229759216,2,1024.0,454037,0.030830894,80.99187159044594,0.0,-0.04785263538360596,-0.05220156
0.5071054,4.856973,542,11424.803290367126,2,1024.0,456085,0.029323868,81.18194361590957,0.0,0.03167092800140381,-0.05710381
0.4895795,4.7992854,544,11475.397033452988,2,1024.0,458133,0.026119826,81.34675118147305,0.0,0.06991159915924072,-0.055403028
0.49501175,4.7646236,546,11525.155753135681,2,1024.0,460181,0.030696295,81.42220187261364,0.0,-0.0018091201782226562,-0.058351263
0.46060577,4.7391677,548,11575.091138839722,2,1024.0,462229,0.029970765,81.5818492059258,0.0,-0.01883697509765625,-0.053932186
0.46601894,4.7369013,550,11625.207662343979,2,1024.0,464277,0.034431636,81.82621520456772,0.0,-0.04358518123626709,-0.05011414
0.5303631,4.715088,552,11674.657677173615,2,1023.42,466267,0.028317723,81.75224507471314,0.0,0.0065097808837890625,-0.06138731
0.5026195,4.6629033,554,11724.820145845413,2,1023.42,468315,0.03507001,81.87861795667776,0.0,-0.204076886177063,-0.06171023
0.51019275,4.631639,556,11775.212914705276,2,1023.42,470363,0.02627458,82.08870287294353,0.0,-0.028061270713806152,-0.053685654
0.48282418,4.616572,558,11825.03517317772,2,1023.42,472411,0.029286347,82.19562913622308,0.0,-0.03183317184448242,-0.05256306
0.4620664,4.5797324,560,11874.564705848694,2,1023.42,474459,0.036000933,82.37863177506927,0.0,-0.0010832548141479492,-0.051489312
0.4924808,4.5739293,562,11924.784235715866,2,1023.42,476507,0.030683579,82.58268988779429,0.0,-0.05608093738555908,-0.056529023
0.49327955,4.5676594,564,11975.845350980759,2,1023.42,478555,0.028939027,82.73490289214884,0.0,0.018253326416015625,-0.052204113
0.48116446,4.519607,566,12025.792637825012,2,1023.42,480603,0.035690676,82.90222173539559,0.0,-0.005629301071166992,-0.051241647
0.47837722,4.4665074,568,12076.307209968567,2,1023.42,482651,0.029881028,83.02987801824855,0.0,-0.049672842025756836,-0.053690083
0.50152355,4.460572,570,12126.741884231567,2,1023.42,484699,0.02612714,83.214771920784,0.0,-0.006463170051574707,-0.054372042
0.5043999,4.3807836,572,12176.915424346924,2,1023.42,486747,0.032461997,83.40688988958192,0.0,-0.015543103218078613,-0.05136467
0.4904063,4.3862066,574,12226.166100978851,2,1023.42,488795,0.025275594,83.58512377015792,0.0,-0.0022684335708618164,-0.050173473
0.5160997,4.335296,576,12276.012315273285,2,1023.42,490843,0.031869657,83.79896511261235,0.0,-0.0053490400314331055,-0.052759543
0.51701826,4.3221827,578,12326.332874536514,2,1023.42,492891,0.028581433,84.01234698327607,0.0,-0.005337119102478027,-0.052889243
0.507768,4.312296,580,12377.263945102692,2,1023.42,494939,0.030747734,84.26228117153691,0.0,0.010364532470703125,-0.053179096
0.54066837,4.290968,582,12427.26636004448,2,1023.42,496987,0.037753988,84.41759178175943,0.0,-0.01716899871826172,-0.050138645
0.52143854,4.2710896,584,12477.590937376022,2,1023.42,499035,0.026797295,84.64571414054113,0.0,-0.0370020866394043,-0.05080979
0.52290046,4.244726,586,12527.928555488586,2,1023.42,501083,0.03140272,84.85016358595514,0.0,0.011913537979125977,-0.05045204
0.5168189,4.2135158,588,12578.469691514969,2,1023.42,503131,0.032069072,85.05988973659163,0.0,0.0036806464195251465,-0.05190712
0.52806747,4.1945972,590,12628.49309182167,2,1023.42,505179,0.025699222,85.25335760965294,0.0,-0.02714097499847412,-0.052730747
0.51492083,4.185072,592,12679.13397526741,2,1023.42,507227,0.031213572,85.46739040347586,0.0,-0.0007832050323486328,-0.051282424
0.54666144,4.1905217,594,12729.921961069107,2,1023.42,509275,0.030992761,85.63888314850088,0.0,-0.01728498935699463,-0.0513168
0.5212136,4.1678677,596,12779.220408678055,2,1023.42,511323,0.033049006,85.75551734439632,0.0,-0.013116002082824707,-0.049739696
0.49320585,4.150488,598,12829.718091011047,2,1023.42,513371,0.02844794,85.91366411893242,0.0,0.02574390172958374,-0.05083156
0.5025141,4.0990734,600,12879.495256662369,2,1023.42,515419,0.028036747,86.02246794197866,0.0,-0.039309024810791016,-0.05242921
0.54406124,4.082857,602,12929.814875602722,2,1023.42,517467,0.03307236,86.16421270244884,0.0,-0.032855868339538574,-0.05336186
0.52961314,4.0747304,604,12979.913146972656,2,1023.42,519515,0.03114533,86.27110359177074,0.0,0.03252983093261719,-0.053609833
0.50907874,4.058241,606,13030.092658519745,2,1023.42,521563,0.03153618,86.44198246039421,0.0,0.04624682664871216,-0.0559908
0.5418969,3.9948123,608,13079.598630905151,2,1023.42,523611,0.030961428,86.61213578570569,0.0,-0.022983789443969727,-0.056000173
0.51653206,3.9523313,610,13129.681153774261,2,1023.42,525659,0.04058477,86.85820611781091,0.0,0.011725842952728271,-0.048446596
0.5478759,3.9145126,612,13179.847666740417,2,1023.42,527707,0.030167948,87.10172505381061,0.0,0.01682204008102417,-0.049343906
0.5436846,3.8867507,614,13229.627862215042,2,1023.42,529755,0.025274266,87.23847485479494,0.0,-0.009536266326904297,-0.054070435
0.5320774,3.8309388,616,13279.09687924385,2,1023.42,531803,0.033164658,87.42582186529971,0.0,0.015347480773925781,-0.04860454
0.53272945,3.824539,618,13329.171303033829,2,1023.42,533851,0.026474167,87.53481629738204,0.0,-0.02779686450958252,-0.052044943
0.5440715,3.7892077,620,13378.604333162308,2,1023.42,535899,0.036977373,87.67368424633197,0.0,-0.008052587509155273,-0.049653817
0.5351728,3.7785325,622,13428.814828157425,2,1023.42,537947,0.030193966,87.82864257647672,0.0,-0.015460014343261719,-0.049268633
0.5516606,3.7665865,624,13479.261585235596,2,1023.42,539995,0.023713375,87.97536596102444,0.0,0.0029724836349487305,-0.050150353
0.5457025,3.7556686,626,13528.665539979935,2,1023.42,542043,0.028167216,88.19001107655495,0.0,0.01653951406478882,-0.050147507
0.5621458,3.7051313,628,13579.76960849762,2,1023.42,544091,0.03586978,88.35522087355972,0.0,0.005372941493988037,-0.051539972
0.5483822,3.6808753,630,13629.449794769287,2,1023.42,546139,0.03629,88.5417081276246,0.0,0.0693407654762268,-0.052050635
0.59762734,3.6696012,632,13679.487572431564,2,1023.42,548187,0.032268953,88.7984308421397,0.0,-0.010168910026550293,-0.049610965
0.5674641,3.6173778,634,13729.804272890091,2,1023.42,550235,0.03776127,88.99238361759622,0.0,-0.013581156730651855,-0.05023688
0.5724195,3.5966816,636,13780.08892250061,2,1023.42,552283,0.02931505,89.09769502180363,0.0,-0.0064754486083984375,-0.052260693
0.572518,3.5903533,638,13830.786774635315,2,1023.42,554331,0.036553565,89.24577623026136,0.0,-0.028077244758605957,-0.052828465
0.6110609,3.53995,640,13881.18595123291,2,1023.42,556379,0.029643498,89.36211654575096,0.0,-0.013968229293823242,-0.05038451
0.5706735,3.5093443,642,13931.089173555374,2,1023.42,558427,0.03203244,89.48815644742167,0.0,0.007629811763763428,-0.049838085
0.58085304,3.470055,644,13981.38870716095,2,1023.42,560475,0.029704083,89.56674090701057,0.0,0.01183086633682251,-0.05005467
0.5997258,3.4214704,646,14031.402204751968,2,1023.42,562523,0.034176763,89.79925209036347,0.0,-0.008052468299865723,-0.06453351
0.61086535,3.3742807,648,14081.14500784874,2,1023.42,564571,0.053947933,89.72937182961486,0.0,-0.06015360355377197,-0.056509886
0.58151686,3.3470528,650,14131.139382600784,2,1023.42,566619,0.03452067,89.84823332654572,0.0,0.02136063575744629,-0.05327525
0.58911276,3.3066022,652,14181.459015130997,2,1024.0,568667,0.033298932,90.30209550067437,0.0,-0.004719376564025879,-0.054064542
0.6036102,3.2820456,654,14231.320403814316,2,1024.0,570715,0.031285796,90.52291155633473,0.0,0.01832634210586548,-0.05375774
0.59778076,3.23657,656,14281.490896224976,2,1024.0,572763,0.029805757,90.69520442749248,0.0,-0.04606783390045166,-0.05064441
0.5842905,3.2222679,658,14332.565080404282,2,1024.0,574811,0.032707863,90.86729569479625,0.0,0.03553974628448486,-0.048244067
0.61034983,3.1862354,660,14382.547990083694,2,1024.0,576859,0.0341391,91.02056289311959,0.0,-0.03650367259979248,-0.05152789
0.61920977,3.1395037,662,14432.244142532349,2,1024.0,578907,0.0402439,91.21588625437025,0.0,0.0018315315246582031,-0.051403094
0.59632134,3.1384284,664,14482.393652915955,2,1024.0,580955,0.03731892,91.42133751982016,0.0,0.0009493231773376465,-0.049745817
0.5942974,3.1067574,666,14532.301972150803,2,1024.0,583003,0.03322576,91.5427811806683,0.0,0.02803856134414673,-0.064121276
0.6105116,3.084829,668,14581.758425951004,2,1024.0,585051,0.04354435,91.63952032250305,0.0,0.009413540363311768,-0.05475609
0.6149036,3.0442634,670,14631.037284135818,2,1024.0,587099,0.03657873,91.813964526554,0.0,0.003736436367034912,-0.05309695
0.610714,3.0125883,672,14681.562022924423,2,1024.0,589147,0.041982096,91.98309598531824,0.0,0.014314651489257812,-0.045261405
0.6255584,2.9728005,674,14732.40995144844,2,1024.0,591195,0.034191065,92.15654015235422,0.0,0.0047980546951293945,-0.05028269
0.61459327,2.9336982,676,14782.721570253372,2,1024.0,593243,0.03497412,92.19601664708509,0.0,0.012453019618988037,-0.049507953
0.63157225,2.9221337,678,14833.09121131897,2,1024.0,595291,0.037312575,92.36158452128677,0.0,-0.013644218444824219,-0.05050035
0.6104387,2.8900836,680,14882.574177503586,2,1024.0,597339,0.05678257,92.53883034857503,0.0,-0.01665961742401123,-0.04585163
0.6105765,2.8428352,682,14932.053699731827,2,1024.0,599387,0.029905135,92.69965214449253,0.0,-0.0014187097549438477,-0.05033285
0.6301378,2.830506,684,14981.883984565735,2,1024.0,601435,0.029077092,92.80226552999459,0.0,0.005410194396972656,-0.05049024
0.6108631,2.7961886,686,15031.957372903824,2,1024.0,603483,0.03612182,93.01315627187186,0.0,-0.004102110862731934,-0.050210223
0.5811171,2.779557,688,15082.174862146378,2,1024.0,605531,0.035078876,93.13321442867228,0.0,-0.015268921852111816,-0.05103626
0.5977547,2.7635276,690,15132.653584718704,2,1024.0,607579,0.036427245,93.31908677652409,0.0,-0.0294954776763916,-0.051479217
0.61929977,2.7390316,692,15182.562902212143,2,1024.0,609627,0.034092095,93.43603693164472,0.0,-0.022317051887512207,-0.05076825
0.64886874,2.7183235,694,15232.895472049713,2,1024.0,611675,0.034121554,93.7007603542811,0.0,0.03437715768814087,-0.053813595
0.5884628,2.6974385,696,15283.181015253067,2,1024.0,613723,0.029582191,93.89131747346681,0.0,0.012379765510559082,-0.054514296
0.64528245,2.6337054,698,15334.177074193954,2,1024.0,615771,0.03684427,94.09661986875761,0.0,-0.012498855590820312,-0.05067832
0.6499918,2.6243641,700,15384.290464639664,2,1024.0,617819,0.18980047,94.24155098967462,0.0,2.950429916381836e-05,-0.040064108
0.6014244,2.5755532,702,15434.692073583603,2,1024.0,619867,0.028970035,94.41987989847911,0.0,0.02095949649810791,-0.050931446
0.62544256,2.5174563,704,15485.100714445114,2,1024.0,621915,0.03566241,94.65136649042114,0.0,-0.03956294059753418,-0.051225103
0.5772438,2.465642,706,15535.23617386818,2,1024.0,623963,0.035448868,94.81144818749046,0.0,0.03719830513000488,-0.051159605
0.63435227,2.4373703,708,15585.420627593994,2,1024.0,626011,0.03630385,94.98849296520342,0.0,-0.0160672664642334,-0.048740543
0.6482866,2.4504592,710,15635.57708120346,2,1024.0,628059,0.0441108,95.16149107195844,0.0,0.004281044006347656,-0.04913912
0.65157676,2.4327383,712,15685.467398166656,2,1024.0,630107,0.030576048,95.2805610893122,0.0,-0.011608600616455078,-0.05277217
0.64610314,2.388672,714,15735.528788089752,2,1024.0,632155,0.035805207,95.4393093999087,0.0,-0.034403324127197266,-0.05341206
0.6755669,2.401329,716,15785.333017349243,2,1024.0,634203,0.0319901,95.58910679280532,0.0,-0.0039365291595458984,-0.050244767
0.62490356,2.3869429,718,15834.88753914833,2,1024.0,636251,0.030546395,95.74898006553684,0.0,0.002663731575012207,-0.051011972
0.65797913,2.3657305,720,15885.051090478897,2,1024.0,638299,0.036742534,95.9580725417527,0.0,-0.02782154083251953,-0.051998273
0.65178955,2.3526146,722,15935.329612970352,2,1024.0,640347,0.0357196,96.12991352327371,0.0,0.009103357791900635,-0.048948124
0.6629669,2.3347704,724,15984.794567346573,2,1024.0,642395,0.054544054,96.29696910291436,0.0,-0.014283418655395508,-0.04355073
0.6530718,2.294522,726,16034.35611486435,2,1024.0,644443,0.03117693,96.47881026593605,0.0,-0.00932168960571289,-0.04936502
0.68426895,2.244662,728,16083.858140707016,2,1024.0,646491,0.034353115,96.61128722625443,0.0,0.010721206665039062,-0.052115314
0.66192615,2.226922,730,16133.402226448059,2,1024.0,648539,0.032329716,96.75185332085816,0.0,0.0063822269439697266,-0.047631923
0.69691914,2.2143676,732,16184.618054389954,2,1024.0,650587,0.032756485,96.92003605074343,0.0,0.019577741622924805,-0.04952261
0.6780261,2.180314,734,16235.0198097229,2,1024.0,652635,0.03728264,96.98712600636793,0.0,0.009129524230957031,-0.048974715
0.6487786,2.178794,736,16285.319391489029,2,1024.0,654683,0.03206415,97.0959772969414,0.0,-0.007300615310668945,-0.053498577
0.66556454,2.1486773,738,16335.833078861237,2,1024.0,656731,0.031075433,97.24243201481315,0.0,0.01309823989868164,-0.052513305
0.6561381,2.121539,740,16386.312801599503,2,1024.0,658779,0.027629383,97.43588057442342,0.0,-0.008461356163024902,-0.048979893
0.63195544,2.1095507,742,16436.807473897934,2,1024.0,660827,0.040141296,97.62183942095899,0.0,0.03872185945510864,-0.052154623
0.66702175,2.062931,744,16486.99599480629,2,1024.0,662875,0.032744702,97.88236306913637,0.0,-0.05987584590911865,-0.053697426
0.5917112,2.0506706,746,16536.384885311127,2,1024.0,664923,0.035275515,97.99159743988866,0.0,2.8252601623535156e-05,-0.050308753
0.6801073,2.0198355,748,16586.735696077347,2,1024.0,666971,0.040118393,98.3153112842014,0.0,-0.03294479846954346,-0.053121965
0.6844811,2.0054407,750,16637.37447834015,2,1024.0,669019,0.031920902,98.45363315924591,0.0,0.012475252151489258,-0.048889294
0.6789524,1.9756327,752,16687.831136465073,2,1024.0,671067,0.03756477,98.50634093072658,0.0,-0.018355846405029297,-0.051530622
0.6811756,1.961072,754,16737.750075817108,2,1024.0,673115,0.036941007,98.53434103827773,0.0,-0.003334641456604004,-0.05233973
0.649114,1.9451101,756,16788.119569063187,2,1024.0,675163,0.04196517,98.58961187756324,0.0,0.0068874359130859375,-0.046282895
0.6677988,1.9108657,758,16837.6175634861,2,1024.0,677211,0.038258832,98.68937035457293,0.0,-0.026120781898498535,-0.049795948
0.6739775,1.8990641,760,16887.66597390175,2,1024.0,679259,0.039956562,98.8513970064412,0.0,-0.003260374069213867,-0.045985144
0.66109484,1.8925359,762,16937.975045204163,2,1024.0,681307,0.03555026,98.9737901076224,0.0,-0.003164052963256836,-0.04765375
0.7131554,1.8651131,764,16987.33535051346,2,1024.0,683355,0.03537817,99.07714782290277,0.0,-0.0211942195892334,-0.050189827
0.68109816,1.8560554,766,17037.113517284393,2,1024.0,685403,0.037176557,99.23213614203308,0.0,-0.00970470905303955,-0.048535276
0.71064425,1.8384248,768,17087.077399492264,2,1024.0,687451,0.028607437,99.42075366200586,0.0,0.0025292038917541504,-0.050590456
0.6517036,1.8094976,770,17137.860372781754,2,1024.0,689499,0.042963013,99.55525854155344,0.0,0.006676077842712402,-0.045639455
0.69177747,1.7784414,772,17188.512249946594,2,1024.0,691547,0.0398798,99.64651676049554,0.0,-0.022809982299804688,-0.05173331
0.6662397,1.7605549,774,17238.985040187836,2,1024.0,693595,0.038320936,99.76356417452904,0.0,0.015137910842895508,-0.05108944
0.7036031,1.7260399,776,17289.15861415863,2,1024.0,695643,0.044372246,99.91109121090672,0.0,-0.023291468620300293,-0.051460475
0.6925346,1.6905668,778,17339.603313446045,2,1024.0,697691,0.043372765,100.02701625009507,0.0,0.00039571523666381836,-0.050188176
0.6874721,1.670357,780,17389.34670639038,2,1024.0,699739,0.037178673,100.05454816271322,0.0,-0.011186361312866211,-0.04937564
0.68428713,1.6340839,782,17438.6125998497,2,1024.0,701787,0.031721037,100.20798355020555,0.0,-0.01610743999481201,-0.053052727
0.70199376,1.6135099,784,17488.788231611252,2,1024.0,703835,0.08594191,100.35658870976998,0.0,0.006600081920623779,-0.049303215
0.6830934,1.602615,786,17538.395277500153,2,1024.0,705883,0.04579969,100.36947770913237,0.0,-0.014178156852722168,-0.046922237
0.68666196,1.5702971,788,17587.67512369156,2,1024.0,707931,0.034742083,100.43492971582346,0.0,-0.004831194877624512,-0.04915582
0.682951,1.5350902,790,17637.36176109314,2,1024.0,709979,0.04458969,100.54730902734958,0.0,0.028636515140533447,-0.045756213
0.7184013,1.5006475,792,17687.657362937927,2,1024.0,712027,0.039750714,100.60334607764682,0.0,-0.012364745140075684,-0.056406975
0.6922458,1.4903579,794,17737.25252723694,2,1024.0,714075,0.034560885,100.63445825589828,0.0,-0.0053108930587768555,-0.048735265
0.7217942,1.4630537,796,17786.79252433777,2,1024.0,716123,0.043762036,100.82560966017192,0.0,-0.030103445053100586,-0.04845811
0.5845605,1.4167598,798,17836.87543320656,2,1024.0,718171,0.035795882,100.92164436986955,0.0,0.023157894611358643,-0.049645647
0.72536266,1.3849283,800,17886.479476451874,2,1024.0,720219,0.06529515,101.08538203022917,0.0,-0.021881103515625,-0.04398383
0.69470346,1.3524297,802,17936.323699951172,2,1024.0,722267,0.037786234,101.16533487240382,0.0,-0.011813879013061523,-0.04970064
0.68750036,1.3093071,804,17985.838728666306,2,1024.0,724315,0.032877147,101.21903794639452,0.0,0.03231823444366455,-0.05044359
0.6644873,1.2772737,806,18035.508322954178,2,1024.0,726363,0.038880963,101.34489295595662,0.0,0.030309975147247314,-0.049879454
0.6850187,1.2646356,808,18086.03207564354,2,1024.0,728411,0.06319194,101.38935661630974,0.0,0.05031329393386841,-0.04694275
0.7007063,1.2505774,810,18136.669904470444,2,1024.0,730459,0.03667688,101.43911458349001,0.0,0.006701231002807617,-0.04934904
0.71345294,1.2516326,812,18187.04504466057,2,1024.0,732507,0.04643668,101.57132562379354,0.0,-0.009255647659301758,-0.045017444
0.72443163,1.2449341,814,18237.358615875244,2,1024.0,734555,0.03936072,101.72008445349326,0.0,0.007516264915466309,-0.04795754
0.697413,1.2072995,816,18288.169533252716,2,1024.0,736603,0.043677785,101.85065667613303,0.0,-0.0012248754501342773,-0.048985366
0.7189608,1.1983998,818,18337.868728637695,2,1024.0,738651,0.037977256,101.91202997009928,0.0,0.025849342346191406,-0.05236388
0.7304809,1.1666971,820,18387.611374616623,2,1024.0,740699,0.03368715,101.96227577139729,0.0,0.012548565864562988,-0.05085437
0.715138,1.1497731,822,18437.264453172684,2,1024.0,742747,0.039827503,102.0812548573542,0.0,0.013128936290740967,-0.050156277
0.7445425,1.1322047,824,18486.899530172348,2,1024.0,744795,0.046004776,102.22810135717184,0.0,-0.02576315402984619,-0.04749969
0.74817157,1.0895284,826,18536.997480154037,2,1024.0,746843,0.03722023,102.31909539738491,0.0,0.010365128517150879,-0.049242195
0.7476197,1.0604762,828,18586.89574623108,2,1024.0,748891,0.052471522,102.51962569868427,0.0,0.024209022521972656,-0.041761965
0.74179983,1.0508097,830,18636.44375729561,2,1024.0,750939,0.04182513,102.64276370275273,0.0,0.039935171604156494,-0.050504047
0.7785259,1.0341359,832,18686.620327949524,2,1024.0,752987,0.03732587,102.71333155294683,0.0,-0.008339405059814453,-0.052728333
0.73525065,0.99799573,834,18736.870957136154,2,1024.0,755035,0.035246965,102.84305550680082,0.0,0.006898283958435059,-0.051611252
0.76820225,0.95664835,836,18786.396944761276,2,1024.0,757083,0.0350503,102.99921150631309,0.0,0.002832174301147461,-0.05109158
0.750181,0.9488969,838,18836.372258901596,2,1024.0,759131,0.040749386,103.1377762264885,0.0,-0.03301835060119629,-0.045709457
0.7602335,0.9605102,840,18886.03835916519,2,1024.0,761179,0.0549126,103.23156122592249,0.0,0.004377126693725586,-0.04659553
0.7581692,0.9446293,842,18935.877660512924,2,1024.0,763227,0.040286716,103.3355855180559,0.0,-0.020284175872802734,-0.046739727
0.7215561,0.9265861,844,18985.25657272339,2,1024.0,765275,0.08657483,103.33958487768994,0.0,0.016727805137634277,-0.038186286
0.7443264,0.9089871,846,19035.49918961525,2,1024.0,767323,0.036100347,103.52904989531707,0.0,0.024879753589630127,-0.051670164
0.773765,0.8792996,848,19085.607672929764,2,1024.0,769371,0.045600936,103.68135049651511,0.0,0.0007596611976623535,-0.04809793
0.74549127,0.8532428,850,19136.208785533905,2,1024.0,771419,0.050547432,103.8485444313315,0.0,-0.018361210823059082,-0.046195515
0.7624267,0.808466,852,19185.420688152313,2,1024.0,773467,0.035252962,103.96587249044934,0.0,0.01622295379638672,-0.050242107
0.7545762,0.7868685,854,19235.50107717514,2,1024.0,775515,0.06252332,104.12147631468328,0.0,0.000847935676574707,-0.043511763
0.7231793,0.7140967,856,19285.44691848755,2,1024.0,777563,0.04634725,104.26444676634453,0.0,-0.014870405197143555,-0.047949757
0.6877723,0.6860407,858,19336.021705150604,2,1024.0,779611,0.048506618,104.43554052324622,0.0,-0.01789557933807373,-0.046636
0.73909557,0.6609649,860,19385.934983968735,2,1024.0,781659,0.03857763,104.4786137220433,0.0,0.03816622495651245,-0.049299464
0.7909558,0.65843844,862,19435.702775478363,2,1024.0,783707,0.037519466,104.51063485348195,0.0,0.013008475303649902,-0.053096812
0.7565886,0.6392517,864,19485.132774353027,2,1024.0,785755,0.03906109,104.67500548661573,0.0,0.04691946506500244,-0.05036751
0.77053523,0.60628337,866,19535.71653842926,2,1024.0,787803,0.03903137,104.85405530329648,0.0,0.04151785373687744,-0.05088819
0.7991638,0.602082,868,19585.845972537994,2,1024.0,789851,0.04837157,105.01010901851164,0.0,0.005365192890167236,-0.045453686
0.78779143,0.58736795,870,19636.330743789673,2,1024.0,791899,0.04586557,105.10046341291428,0.0,0.0257989764213562,-0.047591925
0.7834777,0.53948396,872,19686.40315914154,2,1024.0,793947,0.058321733,105.24405899979814,0.0,-0.0029213428497314453,-0.051069926
0.7196968,0.5184269,874,19736.60675406456,2,1024.0,795995,0.060506083,105.36776321073647,0.0,-0.018471121788024902,-0.044476368
0.787751,0.51808476,876,19786.818225622177,2,1024.0,798043,0.05737526,105.5383395302906,0.0,-0.03662598133087158,-0.043841094
0.80543166,0.48154187,878,19836.67910385132,2,1024.0,800091,0.054262854,105.71509736016294,0.0,0.004345595836639404,-0.043084603
0.8075742,0.49505994,880,19886.748631477356,2,1024.0,802139,0.03673431,105.91637024533267,0.0,0.013365507125854492,-0.0490399
0.781851,0.46809953,882,19937.214354753494,2,1024.0,804187,0.03809864,105.99494270965246,0.0,-0.0293654203414917,-0.047841612
0.79162747,0.45833877,884,19986.68084859848,2,1024.0,806235,0.04764583,106.11357256042075,0.0,0.01769489049911499,-0.04380874
0.7293049,0.46401334,886,20036.34500193596,2,1024.0,808283,0.046592142,106.34470055121429,0.0,0.022850096225738525,-0.045653436
0.7973435,0.47089094,888,20087.893466949463,2,1024.0,810331,0.037381772,106.56788184295262,0.0,0.028464019298553467,-0.047788043
0.79106885,0.44922537,890,20139.182699918747,2,1024.0,812379,0.047842328,106.68930164979032,0.0,-0.0014404058456420898,-0.045753554
0.80815244,0.4265604,892,20189.087996959686,2,1024.0,814427,0.03823862,106.8570019489339,0.0,-0.0032814741134643555,-0.048268728
0.82304066,0.4200938,894,20239.516678094864,2,1024.0,816475,0.033377048,107.0197994364671,0.0,0.019114196300506592,-0.04900592
0.77509767,0.36129662,896,20289.98249745369,2,1024.0,818523,0.049639463,107.13631760614626,0.0,0.030719995498657227,-0.04718186
0.84408194,0.33837664,898,20339.862208604813,2,1024.0,820571,0.33005008,107.33787329347322,0.0,-0.015106916427612305,-0.031978752
0.82622653,0.32907677,900,20389.388227701187,2,1024.0,822619,0.033167463,107.47661533766241,0.0,-0.00890958309173584,-0.045984484
0.801911,0.3166009,902,20439.031392097473,2,1024.0,824667,0.035588328,107.58182172860181,0.0,0.025400757789611816,-0.04581999
0.8149108,0.31566083,904,20489.12889122963,2,1024.0,826715,0.03886585,107.76928772218274,0.0,0.05047881603240967,-0.046960887
0.79315156,0.28546917,906,20538.72123646736,2,1024.0,828763,0.046682496,107.9251926064222,0.0,-0.032900214195251465,-0.048507728
0.7697249,0.2793647,908,20588.34131550789,2,1024.0,830811,0.04106308,108.07564275654002,0.0,-0.023895621299743652,-0.047967263
0.8050344,0.2380284,910,20638.12048983574,2,1024.0,832859,0.035723634,108.2253836001148,0.0,0.03063720464706421,-0.04986618
0.8441601,0.21601948,912,20687.6044485569,2,1024.0,834907,0.056891557,108.34765204751848,0.0,0.028762400150299072,-0.04449488
0.81159097,0.1736403,914,20737.07142519951,2,1024.0,836955,0.04339134,108.51974315526093,0.0,-0.0008933544158935547,-0.04813143
0.72810274,0.15989871,916,20786.63144493103,2,1024.0,839003,0.03443339,108.63945450666272,0.0,0.050219178199768066,-0.04995863
0.82402444,0.1493535,918,20835.96130681038,2,1024.0,841051,0.04188665,108.82853300483221,0.0,-0.03261113166809082,-0.047809303
0.79828304,0.14793634,920,20885.124273777008,2,1024.0,843099,0.0501656,109.02450877626232,0.0,0.012494325637817383,-0.047925685
0.82850593,0.10374348,922,20934.69729566574,2,1024.0,845147,0.04764463,109.15467940182829,0.0,-0.02585136890411377,-0.04792426
0.83299446,0.068751216,924,20984.828743457794,2,1024.0,847195,0.055243805,109.21513770265481,0.0,-0.011310815811157227,-0.042794608
0.864346,0.042096615,926,21034.839178800583,2,1024.0,849243,0.0553654,109.3485094224847,0.0,0.013280034065246582,-0.050561007
0.849098,0.0035495758,928,21085.11050581932,2,1024.0,851291,0.08552887,109.31913508319018,0.0,0.022946596145629883,-0.046543755
0.84385294,-0.02619636,930,21134.900763750076,2,1024.0,853339,0.048459828,109.5336262781241,0.0,0.009114444255828857,-0.044805113
0.84367925,-0.049143434,932,21184.620887756348,2,1024.0,855387,0.04392702,109.62352030180749,0.0,0.026054859161376953,-0.047829464
0.8657954,-0.04417312,934,21234.04480457306,2,1024.0,857435,0.072178215,109.68237681153991,0.0,0.016226351261138916,-0.042448625
0.88795334,-0.08384538,936,21283.983221769333,2,1024.0,859483,0.04037514,109.7849670242406,0.0,0.0025908946990966797,-0.049371835
0.8764909,-0.10179353,938,21334.525899648666,2,1024.0,861531,0.04058785,109.93883169748264,0.0,0.027314841747283936,-0.047013905
0.8676173,-0.13455337,940,21385.160835266113,2,1024.0,863579,0.0356272,110.05826473626468,0.0,0.03854948282241821,-0.045657393
0.84551245,-0.15741305,942,21435.451899051666,2,1024.0,865627,0.03674392,110.1499507748589,0.0,-0.01225137710571289,-0.045301385
0.86397326,-0.17908807,944,21485.82658982277,2,1024.0,867675,0.041030534,110.30117614450333,0.0,0.03231281042098999,-0.046680667
0.8351161,-0.19195513,946,21535.51870417595,2,1024.0,869723,0.042982783,110.39003717667738,0.0,0.035911381244659424,-0.044899013
0.8077364,-0.2027111,948,21584.830540180206,2,1024.0,871771,0.06445957,110.50833118149455,0.0,0.00297623872756958,-0.04239294
0.84643,-0.22950551,950,21634.37765145302,2,1024.0,873819,0.059955172,110.52032194549093,0.0,0.005178093910217285,-0.04578005
0.8515925,-0.2541528,952,21683.766544103622,2,1024.0,875867,0.058110002,110.63387018364767,0.0,-0.01771247386932373,-0.044067487
0.8600499,-0.26995656,954,21733.640794038773,2,1024.0,877915,0.04882176,110.79635608447457,0.0,-0.008983373641967773,-0.04508045
0.87913406,-0.26860094,956,21784.237771987915,2,1024.0,879963,0.05396485,110.92002167528629,0.0,0.011045455932617188,-0.0442094
0.83976376,-0.2878357,958,21833.775829792023,2,1024.0,882011,0.056387614,111.03347393375712,0.0,0.005673408508300781,-0.04091281
0.8817171,-0.3396858,960,21883.649090766907,2,1024.0,884059,0.5704407,111.15932457871813,0.0,0.005392193794250488,-0.02577335
0.86275977,-0.3537521,962,21933.639487028122,2,1024.0,886107,0.053949337,111.39733134245452,0.0,0.014405786991119385,-0.046258382
0.8931576,-0.37505436,964,21982.870340824127,2,1024.0,888155,0.03702518,111.52597666223144,0.0,-0.0041351318359375,-0.048226673
0.8906953,-0.37955943,966,22032.46938061714,2,1024.0,890203,0.041281015,111.62238848264458,0.0,-0.001120448112487793,-0.047899183
0.91959107,-0.40323916,968,22082.401691913605,2,1024.0,892251,0.04194173,111.74304696462414,0.0,0.0032681822776794434,-0.049058236
0.91039145,-0.39987573,970,22132.897297859192,2,1024.0,894299,0.033493213,111.88604018997337,0.0,0.03595423698425293,-0.04957659
0.88616633,-0.41481087,972,22182.03804206848,2,1024.0,896347,0.04203449,112.01855430690826,0.0,0.03664052486419678,-0.04587988
0.8832383,-0.43059567,974,22232.17129611969,2,1024.0,898395,0.049832046,112.1580293745115,0.0,0.0006375908851623535,-0.04438258
0.86639655,-0.45045447,976,22282.270326137543,2,1024.0,900443,0.04126503,112.24939988279986,0.0,-0.0036374330520629883,-0.047605302
0.8960618,-0.44561478,978,22332.559867858887,2,1024.0,902491,0.06352492,112.33409037131534,0.0,0.023834526538848877,-0.04416258
0.87467813,-0.45940596,980,22381.947848796844,2,1024.0,904539,0.06246253,112.36984110463632,0.0,0.006395220756530762,-0.043498106
0.9099637,-0.47904038,982,22431.396839618683,2,1024.0,906587,0.040594764,112.48069341824352,0.0,0.023125112056732178,-0.048080627
0.8907145,-0.48614028,984,22480.76171183586,2,1024.0,908635,0.05467076,112.60291645951676,0.0,0.0010672807693481445,-0.043148164
0.8605815,-0.48125458,986,22530.709069252014,2,1024.0,910683,0.046807803,112.67669732094856,0.0,0.025812983512878418,-0.042100344
0.8478068,-0.48491263,988,22581.11257648468,2,1024.0,912731,0.045420032,112.75212133395503,0.0,0.01220703125,-0.04467576
0.8337338,-0.4745102,990,22631.058899879456,2,1024.0,914779,0.27595046,112.83588036768339,0.0,-0.0009341239929199219,-0.02669014
0.8835491,-0.4767055,992,22681.295418977737,2,1024.0,916827,0.31155992,112.96097941532881,0.0,-0.006329774856567383,-0.02849872
1.1416175,-0.53644687,995,22731.969240903854,3,1019.83,919482,0.0343577,112.41128239931817,0.0,0.046807050704956055,-0.06088946
0.89649546,-0.557661,997,22782.27677989006,2,1019.83,921530,0.035124388,112.36785741623778,0.0,-0.050235629081726074,-0.051099632
0.8463334,-0.5631619,999,22832.987669944763,2,1019.83,923578,0.041823417,112.380745483678,0.0,-0.011675238609313965,-0.044527795
0.89250875,-0.57547504,1001,22883.71605849266,2,1019.83,925626,0.054615684,112.5624063517976,0.0,0.023562729358673096,-0.040526327
0.87923634,-0.6159267,1003,22933.115035772324,2,1019.83,927674,0.040711172,112.59758032927647,0.0,0.010200679302215576,-0.047390543
0.8236913,-0.6321964,1005,22982.355821847916,2,1019.83,929722,0.04560198,112.68771441378861,0.0,0.01786351203918457,-0.042042617
0.8814853,-0.64268476,1007,23032.625381946564,2,1019.83,931770,0.037669297,112.80110701754846,0.0,-0.0029648542404174805,-0.048102945
0.88819265,-0.67512584,1009,23083.128591299057,2,1019.83,933818,0.043635584,112.93237340770916,0.0,-0.014058947563171387,-0.04464086
0.85445523,-0.68716806,1011,23133.673335552216,2,1019.83,935866,0.049955834,112.99648293455085,0.0,0.027623116970062256,-0.04268737
0.892325,-0.69986093,1013,23183.56362938881,2,1019.83,937914,0.04692276,113.00068658358026,0.0,0.016753792762756348,-0.043267198
0.90623784,-0.69928926,1015,23233.10915708542,2,1019.83,939962,0.065892585,113.10500725677264,0.0,0.00847238302230835,-0.042414304
0.8960665,-0.70841044,1017,23283.112524032593,2,1019.83,942010,0.041342303,113.17251216657183,0.0,0.01648736000061035,-0.042280342
0.8933662,-0.7091387,1019,23333.499132871628,2,1019.83,944058,0.037299097,113.21986147012781,0.0,0.003113687038421631,-0.045065604
0.91213584,-0.7376647,1021,23383.55952191353,2,1019.83,946106,0.039167866,113.27142495491427,0.0,0.015667200088500977,-0.045058947
0.8578634,-0.76803035,1023,23433.52088546753,2,1019.83,948154,0.083896525,113.28161003121477,0.0,0.026820659637451172,-0.04270436
0.8916177,-0.7792261,1025,23482.99285721779,2,1019.83,950202,0.054108974,113.36976491779151,0.0,-0.018077850341796875,-0.03897169
0.911596,-0.78143674,1027,23533.362493753433,2,1019.83,952250,0.040758546,113.490133665269,0.0,0.033435821533203125,-0.04626049
0.88147,-0.7864996,1029,23583.101742982864,2,1019.83,954298,0.056899697,113.49691966618883,0.0,0.022725343704223633,-0.042838115
0.9162987,-0.78344107,1031,23632.877973794937,2,1019.83,956346,0.044367407,113.52244677962483,0.0,0.0019432902336120605,-0.04607309
0.8437117,-0.7856827,1033,23682.504036664963,2,1019.83,958394,0.044071544,113.60038379307962,0.0,0.033798277378082275,-0.045337774
0.8975786,-0.8042393,1035,23732.25225663185,2,1019.83,960442,0.05746352,113.7717047933284,0.0,-0.030674457550048828,-0.04538565
0.9050405,-0.8122477,1037,23782.466260910034,2,1019.83,962490,0.051738553,113.8317699895335,0.0,0.017722606658935547,-0.043149367
0.91676337,-0.82262665,1039,23832.993006944656,2,1019.83,964538,0.039233744,113.87104100953357,0.0,0.01093602180480957,-0.043400086
0.88701665,-0.8338523,1041,23883.139476537704,2,1019.83,966586,0.04649098,113.91932679271795,0.0,0.04149991273880005,-0.044362012
0.9120497,-0.81037694,1043,23932.724524974823,2,1019.83,968634,0.044955786,114.06126468712756,0.0,0.024465978145599365,-0.04352449
0.9115138,-0.84050006,1045,23982.425991773605,2,1019.83,970682,0.04422013,114.15944164412258,0.0,0.016673803329467773,-0.047826722
0.9276033,-0.8692079,1047,24032.648575544357,2,1019.83,972730,0.04916448,114.2608739123892,0.0,0.004398703575134277,-0.046740793
0.90392524,-0.87443537,1049,24081.93442106247,2,1019.83,974778,0.067612104,114.4018844201424,0.0,0.02501213550567627,-0.042386115
0.9026667,-0.8665468,1051,24131.347406864166,2,1019.83,976826,0.045350607,114.44917050013473,0.0,0.012990057468414307,-0.047726203
0.89406663,-0.86767966,1053,24180.79334449768,2,1019.83,978874,0.073732115,114.50585470099202,0.0,-0.023688435554504395,-0.04054038
0.85463697,-0.8825778,1055,24230.76064491272,2,1019.83,980922,0.051906366,114.6228308822713,0.0,0.02981668710708618,-0.044379078
0.94846404,-0.8783607,1057,24280.89824938774,2,1019.83,982970,0.08124744,114.68511641644227,0.0,-0.04226851463317871,-0.036617484
0.9386182,-0.9150253,1059,24330.919560194016,2,1019.83,985018,0.049437575,114.7792804018964,0.0,0.005274057388305664,-0.044943005
0.9181646,-0.94745076,1061,24380.42754149437,2,1019.83,987066,0.047430392,114.8600073830258,0.0,0.03228318691253662,-0.04780966
0.95843476,-0.9774856,1063,24430.358741044998,2,1019.83,989114,0.04596863,114.90352668478914,0.0,0.00874251127243042,-0.04433388
0.8981789,-1.001915,1065,24479.99596118927,2,1019.83,991162,0.05097004,114.9045018068627,0.0,0.006669461727142334,-0.042160846
0.856341,-1.0117184,1067,24529.96983075142,2,1019.83,993210,0.044690017,114.9581794097429,0.0,0.011379539966583252,-0.045311444
0.86839837,-1.0394156,1069,24579.546884059906,2,1019.83,995258,0.055182036,114.99003664216585,0.0,0.010245740413665771,-0.040961385
0.93048,-1.0274583,1071,24629.534248113632,2,1019.83,997306,0.04267295,115.08589161081058,0.0,0.0035320520401000977,-0.047103897
0.9252692,-1.0185832,1073,24679.589576005936,2,1019.83,999354,0.0663707,115.04204558394518,0.0,-0.0011551380157470703,-0.040380526
0.92147017,-1.0318071,1075,24729.19744515419,2,1019.83,1001402,0.04587616,115.10066250209613,0.0,0.010304927825927734,-0.04233388
0.97074765,-1.05616,1077,24778.80953860283,2,1019.83,1003450,0.047246817,115.1500809506841,0.0,0.006649434566497803,-0.0447284
0.89054674,-1.0844153,1079,24829.606527090073,2,1019.83,1005498,0.050719805,115.2052036714351,0.0,0.0018630623817443848,-0.04884755
0.73868716,-1.0649719,1081,24880.14929294586,2,1017.08,1007271,0.074050225,114.74633847916586,0.0,0.052328288555145264,-0.056409802
0.9304271,-1.0803529,1083,24930.32385635376,2,1017.08,1009319,0.050379597,114.74420345933136,0.0,-0.008626222610473633,-0.041636325
0.9186699,-1.1152307,1085,24980.77452301979,2,1017.08,1011367,0.048987396,114.78386940580111,0.0,0.005981922149658203,-0.040521905
0.9048265,-1.1293302,1087,25031.488065481186,2,1017.08,1013415,0.040396303,114.76059621494018,0.0,0.005014896392822266,-0.04572416
0.9072058,-1.1682817,1089,25081.489493846893,2,1017.08,1015463,0.045956273,114.77037489055512,0.0,0.006715118885040283,-0.046900004
0.9047104,-1.1907002,1091,25132.141320466995,2,1017.08,1017511,0.04522729,114.71881947366494,0.0,-0.012839913368225098,-0.0475259
0.8981036,-1.2013017,1093,25181.71033835411,2,1017.08,1019559,0.045411967,114.78914239520958,0.0,0.01793813705444336,-0.046346538
0.8082483,-1.2007374,1095,25231.34143304825,2,1021.25,1021607,0.26061225,115.54370063026765,0.0,0.0008019804954528809,-0.029390562
0.89085495,-1.236477,1097,25280.870460510254,2,1021.25,1023655,0.05629481,115.70225605270804,0.0,-0.00072479248046875,-0.042185713
0.95857257,-1.2552146,1099,25330.714764356613,2,1021.25,1025703,0.049472492,115.89210320515043,0.0,0.007787048816680908,-0.046017237
0.93326837,-1.2769837,1101,25380.945400714874,2,1021.25,1027751,0.0554939,115.8908293376937,0.0,0.034842729568481445,-0.04338209
0.955997,-1.2972782,1103,25431.176619291306,2,1021.25,1029799,0.04215884,115.97428002363272,0.0,0.054592132568359375,-0.04701595
0.9492995,-1.3097268,1105,25480.884375333786,2,1021.25,1031847,0.03887564,116.05022301526269,0.0,-0.00572812557220459,-0.04569436
0.9139941,-1.3314136,1107,25530.443417310715,2,1021.25,1033895,0.04881403,116.16743765093506,0.0,0.01722097396850586,-0.046671204
1.0024186,-1.3237573,1109,25580.75358891487,2,1021.25,1035943,0.36309955,116.21064768181635,0.0,-0.015082597732543945,-0.012866982
0.94204104,-1.3284252,1111,25630.642841100693,2,1021.25,1037991,0.035575252,116.3360400682142,0.0,-0.003146529197692871,-0.044039156
0.9194872,-1.341484,1113,25680.303980112076,2,1021.25,1040039,0.051692195,116.37335932790945,0.0,0.021481871604919434,-0.039373714
0.8937398,-1.3453168,1115,25729.861011981964,2,1021.25,1042087,0.035283454,116.3905634385705,0.0,0.016927719116210938,-0.044272363
0.9343913,-1.3671736,1117,25779.655643939972,2,1021.25,1044135,0.04545138,116.48902709666216,0.0,0.016112327575683594,-0.045697223
0.96860963,-1.3624892,1119,25830.240207195282,2,1021.25,1046183,0.058854982,116.56315698758894,0.0,0.009265720844268799,-0.043916643
0.9611997,-1.3709942,1121,25880.99111175537,2,1021.25,1048231,0.04341593,116.62256070476248,0.0,-0.0033718347549438477,-0.04508292
0.95622176,-1.3875667,1123,25931.230109214783,2,1021.25,1050279,0.039162304,116.71720537737487,0.0,0.013065457344055176,-0.0463165
0.9692761,-1.4060541,1125,25981.07032752037,2,1021.25,1052327,0.044001058,116.81025999086037,0.0,0.011478126049041748,-0.043864135
0.9515629,-1.4162917,1127,26030.883638620377,2,1021.25,1054375,0.060025,116.86420594185914,0.0,0.0075754523277282715,-0.040620536
0.9628126,-1.4321924,1129,26080.726923942566,2,1021.25,1056423,0.043115754,116.98612902793391,0.0,0.029658138751983643,-0.04723354
0.9443382,-1.4389635,1131,26130.70977473259,2,1021.25,1058471,0.06891318,116.991527001794,0.0,0.01730889081954956,-0.038223933
0.95080453,-1.4352695,1133,26181.049468517303,2,1021.25,1060519,0.05652776,117.0352266742951,0.0,0.006340682506561279,-0.043314565
0.94244266,-1.4667561,1135,26231.21891784668,2,1021.25,1062567,0.039624542,117.13426076357669,0.0,-0.0006861686706542969,-0.04568233
0.91571814,-1.5111619,1137,26281.623613119125,2,1021.25,1064615,0.05086608,117.1775488570655,0.0,0.008792757987976074,-0.04122385
0.93817496,-1.510696,1139,26337.667589187622,2,1021.25,1066663,0.061333433,117.18954395921902,0.0,-0.006395220756530762,-0.04287549
0.8895932,-1.5292054,1141,26392.005116701126,2,1021.25,1068711,0.123460926,117.26237689901393,0.0,0.035400331020355225,-0.044991933
0.8648889,-1.5362294,1143,26442.315709352493,2,1021.25,1070759,0.057594452,117.26385650720513,0.0,0.0591740608215332,-0.04373143
0.9679106,-1.5208521,1145,26492.87383031845,2,1021.25,1072807,0.09165516,117.20414665491832,0.0,-0.028931021690368652,-0.040366303
0.93439156,-1.5506667,1147,26543.21644926071,2,1021.25,1074855,0.062261015,117.19961247403108,0.0,0.015244603157043457,-0.047496114
0.9240906,-1.5697985,1149,26592.92561364174,2,1021.25,1076903,0.071891606,117.27123768484893,0.0,-0.001010894775390625,-0.039478883
0.9391273,-1.590309,1151,26643.66446685791,2,1021.25,1078951,0.05007524,117.2624865476318,0.0,0.017860114574432373,-0.043015853
0.90375847,-1.6114055,1153,26693.627685308456,2,1021.25,1080999,0.04322789,117.27618661867147,0.0,0.025425612926483154,-0.043338254
0.92207295,-1.6201735,1155,26743.889278888702,2,1021.25,1083047,0.044439044,117.29380393798205,0.0,0.030482470989227295,-0.045620658
0.9074906,-1.6135129,1157,26793.256202697754,2,1021.25,1085095,0.05351968,117.23978299274073,0.0,0.014562427997589111,-0.04454468
0.93002546,-1.6141932,1159,26842.51414346695,2,1021.25,1087143,0.05588696,117.28734312476796,0.0,-0.008394122123718262,-0.043707136
0.9106255,-1.6193914,1161,26892.951848745346,2,1021.25,1089191,0.039917964,117.2858660437541,0.0,0.022836625576019287,-0.04510864
0.8873902,-1.6740979,1163,26943.711791038513,2,1021.25,1091239,0.05464366,117.24871216398098,0.0,-0.022411108016967773,-0.04461228
0.9447529,-1.66304,1165,26994.022340774536,2,1021.25,1093287,0.056584097,117.21313635344234,0.0,0.000908970832824707,-0.044557728
0.8692947,-1.6671915,1167,27043.58138346672,2,1021.25,1095335,0.05109261,117.16568840655218,0.0,-0.013857245445251465,-0.03948287
0.88957405,-1.6849414,1169,27093.930978298187,2,1021.25,1097383,0.047960468,117.21690968102621,0.0,0.00506216287612915,-0.04361786
0.93643606,-1.6992633,1171,27144.210499048233,2,1021.25,1099431,0.054402035,117.19277380760482,0.0,0.02086585760116577,-0.040839612
0.90993184,-1.6999547,1173,27193.82364630699,2,1021.25,1101479,0.056383062,117.2030596279499,0.0,0.014267504215240479,-0.044537246
0.9195292,-1.715825,1175,27244.175303459167,2,1021.25,1103527,0.13327232,117.23316560685915,0.0,0.019229114055633545,-0.032662053
0.9278429,-1.72585,1177,27294.605929136276,2,1021.25,1105575,0.040028635,117.26099398008188,0.0,0.021727383136749268,-0.047741592
0.9393971,-1.693218,1179,27347.43442583084,2,1021.25,1107623,0.053854346,117.23526744090293,0.0,-0.024518609046936035,-0.04116886
0.9401061,-1.7378322,1181,27403.144072294235,2,1024.0,1109671,0.04870718,117.81587016617128,0.0,-0.011925697326660156,-0.043490786
0.94111717,-1.7449607,1183,27480.857897281647,2,1024.0,1111719,0.055695597,117.84300161906945,0.0,0.04444772005081177,-0.039312128
0.96319497,-1.7618449,1185,27535.344371318817,2,1024.0,1113767,0.04522607,117.93690395630249,0.0,0.024309754371643066,-0.044956066
0.9566525,-1.7862862,1187,27589.170995235443,2,1024.0,1115815,0.046028472,118.02305124468884,0.0,0.07716602087020874,-0.046776786
0.97175294,-1.7860222,1189,27642.27237343788,2,1024.0,1117863,0.05600956,117.78015355675912,0.0,0.3221317529678345,-0.057522073
0.9108024,-1.8079176,1191,27701.670573949814,2,1024.0,1119911,0.045195524,117.83513689492362,0.0,-0.005626082420349121,-0.046401158
0.8803503,-1.827159,1193,27756.478219032288,2,1024.0,1121959,0.04834935,117.92574512583661,0.0,-0.01925182342529297,-0.04476722
0.9303942,-1.8572834,1195,27821.874162197113,2,1024.0,1124007,0.046916805,117.88599896070482,0.0,-0.026400446891784668,-0.048770454
0.96214986,-1.8586283,1197,27874.10014462471,2,1024.0,1126055,0.10375989,117.83621308778302,0.0,0.002109050750732422,-0.031464327
