#{"t_start": 1537442773.723104, "env_id": "Planar-direction-v1"}
r,l,t
3.772259,327,9.914659
4.52657,314,18.915174
3.73089,340,28.587967
6.266874,381,39.497599
12.313461,514,54.369259
3.764569,297,78.263792
4.333496,293,87.133536
3.462493,288,101.618372
-0.632697,212,110.791972
2.261778,280,119.213594
2.189449,273,127.721373
6.630784,378,138.901867
2.78538,298,148.79763
0.779145,232,181.643935
2.210067,268,257.291621
1.498456,247,284.883327
6.683124,341,295.041002
-0.847405,205,301.824711
3.040911,279,310.164678
10.391967,474,325.01762
2.453519,270,349.989495
2.773295,295,418.905832
6.139942,390,429.778357
6.861282,384,440.743593
6.578261,362,450.845658
4.52608,327,460.874737
0.903876,236,467.749211
7.657938,402,478.944409
-0.067457,226,496.738123
15.508821,626,579.170832
5.408044,355,666.184781
9.476353,408,786.605262
20.87835,712,921.060091
5.672389,323,954.461938
5.287701,323,963.853796
5.664981,360,974.17058
-0.500881,210,981.516908
1.180638,269,990.358151
13.17001,529,1006.333532
7.72189,404,1017.807931
7.053226,375,1028.445419
4.813237,340,1038.94268
7.397069,411,1050.488027
5.001559,312,1059.58735
10.654782,546,1074.8332
6.627338,336,1084.477653
2.925689,270,1092.26638
5.699067,327,1102.550068
8.483144,361,1112.817054
4.951275,315,1121.821622
9.144582,374,1132.499023
3.710823,286,1140.84414
6.360685,351,1150.783962
1.87476,271,1159.3908
6.922202,376,1170.132793
6.920929,363,1180.506121
4.247099,296,1188.943269
19.552102,678,1207.711026
14.486783,569,1224.444102
26.269927,811,1246.997996
10.943482,483,1260.71351
11.687298,516,1275.999885
20.118664,736,1296.416068
7.152307,373,1309.85118
12.610947,570,1325.698104
1.665152,311,1336.586364
11.014481,456,1351.174983
23.034918,771,1374.413966
11.478228,507,1388.565364
23.083467,726,1409.940565
35.604186,1024,1440.689983
34.794256,1024,1469.825558
7.177795,372,1483.157268
2.294658,261,1491.442735
40.983534,1024,1523.681791
0.698727,232,1530.298051
17.352464,591,1548.298973
20.593857,651,1570.565983
11.475554,445,1584.571394
19.271575,671,1607.166218
14.181088,544,1624.132918
13.640875,565,1640.237743
23.443015,782,1663.795083
3.584851,290,1672.09901
28.239851,971,1701.184282
9.894089,463,1715.286584
25.117379,831,1739.138904
40.344193,1024,1775.4143
39.460081,1024,1805.83301
17.826878,670,1829.61085
24.61785,820,1859.501333
0.129507,221,1869.786727
9.712077,407,1887.221023
39.712153,1024,1919.658346
13.965752,530,1935.593797
34.333137,980,1962.782193
40.103091,1024,1992.17803
16.323094,616,2009.623452
4.567902,375,2020.587135
9.936915,454,2035.10445
6.303536,387,2050.462463
29.765278,819,2076.022354
9.70241,470,2089.837701
12.608808,531,2106.647425
25.467436,791,2129.444779
39.896319,1024,2159.434746
8.81015,427,2173.419521
2.69219,266,2182.215246
43.220186,1024,2213.430578
4.253263,312,2222.758331
12.851865,523,2239.59621
11.058495,494,2254.170061
16.76354,626,2274.791726
17.73883,581,2292.947444
21.327374,701,2315.465248
37.531817,1024,2348.302014
24.53981,804,2372.452992
10.422051,475,2385.776121
37.361913,1024,2415.116611
38.729828,971,2447.898615
47.672736,1024,2475.704701
10.840634,445,2491.335238
4.639469,295,2500.80741
43.859524,1024,2532.459144
30.442057,1024,2564.077817
40.308235,1024,2595.502688
43.559358,1024,2625.590201
41.147943,1024,2656.852191
54.373594,1024,2690.888295
48.251607,1024,2725.450625
3.918464,322,2736.441232
44.528504,1024,2775.291941
13.543046,523,2796.572588
49.161904,1024,2840.616786
9.468911,537,2855.824965
34.580413,1024,2883.584277
51.624794,1024,2912.228606
55.499674,1024,2940.15019
50.816339,1024,2968.538627
6.828248,361,2978.627525
32.280516,858,3002.855188
4.618349,350,3012.733537
54.408039,1024,3040.351203
23.949268,739,3061.285228
41.948348,970,3087.400869
51.092076,1024,3115.844244
42.029266,1024,3143.876565
49.491169,1024,3172.862798
55.600188,1024,3200.629043
51.212561,1024,3229.947591
59.902383,1024,3257.937885
60.2015,1024,3286.786379
17.033012,570,3302.983522
52.120891,1024,3330.989711
60.47218,1024,3360.191226
54.12061,1024,3388.468701
55.397518,1024,3417.930618
54.194904,1024,3446.490389
54.607234,1024,3475.361264
50.116436,1023,3503.697985
53.993708,1024,3532.864155
52.649626,1024,3561.28475
47.584514,1024,3590.675033
66.113831,1024,3618.809275
40.823394,983,3646.427659
59.388704,1024,3674.366189
51.03684,1024,3703.250606
56.709481,1024,3731.335087
53.128796,1024,3760.856388
63.693168,1024,3788.71576
52.44024,1024,3817.306093
58.818813,1024,3845.895498
58.12559,1024,3874.785231
60.171838,1024,3902.808933
21.053231,705,3923.493294
57.499711,1024,3951.376222
14.835153,526,3966.332267
24.588404,692,3986.480125
55.832178,1024,4014.680018
61.614801,1024,4043.617199
61.48914,1024,4072.546873
59.497153,1024,4103.046717
62.055587,1024,4131.332323
22.893266,711,4152.436366
4.590032,342,4164.42178
66.309252,1024,4194.458219
69.684952,1024,4229.1203
62.372773,1024,4260.027597
65.004194,1024,4289.624188
61.578159,1024,4320.630463
66.715191,1024,4352.072212
56.998215,1024,4381.292441
13.062643,537,4399.117797
56.460138,1024,4440.321018
34.772405,874,4472.19859
9.892696,380,4487.51932
69.900967,1024,4517.456943
67.618651,1024,4547.456043
69.119347,1024,4576.768813
67.802043,1024,4608.923672
64.502547,1024,4637.668743
55.144963,1024,4667.734461
68.48355,1024,4697.327919
66.922419,1024,4726.488967
67.521558,1024,4755.837505
70.722804,1024,4785.780592
67.410158,1024,4814.497586
68.971398,1024,4844.481939
74.513782,1024,4873.440731
65.145177,1024,4902.901651
35.991319,833,4925.691792
71.611252,1024,4954.407057
65.787253,1024,4983.513166
72.657744,1024,5011.77036
10.036958,520,5027.682484
73.314397,1024,5056.063444
63.16389,1024,5084.259455
68.492642,1024,5115.302869
40.691894,852,5140.310347
69.183729,1024,5168.140496
67.417801,1024,5199.675524
68.148835,1024,5229.462274
71.571303,1024,5258.968628
71.957986,1024,5288.638423
61.233058,1024,5324.620594
71.271803,1024,5357.037894
70.997492,1024,5387.692486
61.426429,1024,5416.10863
68.908144,1024,5446.839961
69.139205,1024,5475.313404
69.010736,1024,5504.722506
69.823845,1024,5534.46619
11.194076,384,5545.986533
67.910163,1024,5576.115419
25.415657,627,5593.611646
72.699025,1024,5627.310356
71.846601,1024,5658.79487
55.009178,1024,5691.075885
52.730851,1024,5722.013712
74.469537,1024,5752.631808
68.874614,1024,5780.612014
65.958249,1024,5809.63224
70.717831,1024,5837.355759
71.774287,1024,5867.459506
76.015277,1024,5895.445489
77.566058,1024,5930.279935
73.283336,1024,5964.619704
75.852558,1024,5995.261489
71.048188,1024,6024.982031
74.268266,1024,6056.047634
68.565216,1024,6087.731348
76.5788,1024,6117.014126
75.187371,1024,6145.732431
71.853045,1024,6179.791159
68.475637,1024,6207.146304
75.817183,1024,6235.981771
70.734908,1024,6265.985086
77.695028,1024,6295.135926
77.728119,1024,6322.606063
67.788857,1024,6352.049133
47.373527,866,6377.733459
78.050747,1024,6407.690813
72.704555,1024,6437.130933
71.390682,1024,6466.136063
78.088552,1024,6494.552782
75.795848,1024,6522.545561
78.092931,1024,6550.454901
64.614264,1024,6580.670141
70.285759,1024,6610.348306
80.444335,1024,6641.417807
74.570069,1024,6670.650769
74.680762,1024,6701.350894
75.301402,1024,6730.221873
74.443824,1024,6759.538036
74.95386,1024,6788.120155
33.16059,773,6811.182596
83.632559,1024,6839.914276
78.907919,1024,6870.815313
78.725627,1024,6901.478087
81.49682,1024,6930.565519
76.330341,1024,6958.673985
33.281117,650,6976.835342
74.404896,1024,7005.935675
31.683108,701,7025.603923
43.412495,761,7047.63212
76.731755,1024,7075.340171
81.424689,1024,7105.140073
74.08446,1024,7133.792589
80.943258,1024,7164.51948
78.767126,1024,7192.449553
3.43571,281,7200.954704
81.531038,1024,7229.32021
84.135416,1024,7256.675389
77.566061,1024,7284.913059
76.241691,1024,7314.001987
81.635204,1024,7343.731096
80.84193,1024,7375.071657
85.258544,1024,7404.949453
83.153661,1024,7436.082712
78.862612,1024,7466.038488
81.860174,1024,7494.381502
82.974766,1024,7523.174519
79.901111,1024,7550.933883
76.141581,1024,7578.924023
71.374497,1024,7606.726759
84.824173,1024,7634.668426
88.759567,1024,7661.412056
85.344421,1024,7689.251516
82.575641,1024,7716.65055
83.287301,1024,7744.801514
79.52468,1024,7772.02861
86.323968,1024,7799.775208
80.983098,1024,7827.06188
85.756527,1024,7854.873925
81.327682,1024,7882.13686
31.188414,556,7898.050199
30.564397,714,7918.93378
83.257384,1024,7946.62024
85.122429,1024,7975.369448
86.003641,1024,8003.427595
82.650547,1024,8031.9911
86.769886,1024,8059.5028
88.37697,1024,8088.609897
78.52868,1024,8116.455082
82.090275,1024,8145.50637
89.760918,1024,8173.161354
86.405438,1024,8202.102793
89.369618,1024,8230.14837
87.312018,1024,8259.284955
55.833298,847,8283.407521
87.695992,1024,8313.079949
87.357888,1024,8341.237293
85.62643,1024,8370.635948
89.764082,1024,8399.588912
89.811505,1024,8429.158313
81.607078,1024,8457.01929
87.280653,1024,8486.143294
88.163405,1024,8514.951334
84.904308,1024,8544.436875
89.033506,1024,8572.903429
82.230962,1024,8602.20021
84.976523,1024,8630.596528
83.682803,1024,8660.131857
87.577947,1024,8688.306811
89.285723,1024,8716.9535
92.791314,1024,8745.627544
87.128808,1024,8774.864785
89.51709,1024,8802.616524
91.533194,1024,8832.936258
87.175525,1024,8861.513446
90.612116,1024,8890.622663
88.783288,1024,8919.448317
85.60506,1024,8948.719409
87.86819,1024,8977.98368
86.401816,1024,9007.241859
90.740606,1024,9035.372393
93.032821,1024,9063.818512
86.797482,1024,9092.158792
70.204345,1024,9120.637431
90.88693,1024,9148.380499
89.795196,1024,9177.214311
88.987446,1024,9205.293822
90.756721,1024,9234.320033
90.634038,1024,9262.409126
94.593115,1024,9291.623695
93.184128,1024,9320.053953
93.23393,1024,9348.767773
93.677488,1024,9376.775228
90.712296,1024,9406.733361
56.757238,832,9430.311005
91.748294,1024,9459.277956
94.262498,1024,9486.855971
89.330598,1024,9516.912542
91.796013,1024,9545.412081
91.064575,1024,9574.696715
16.197525,420,9586.753735
91.200435,1024,9614.661398
89.143829,1024,9643.275954
91.453541,1024,9671.176301
92.807377,1024,9699.810431
93.322145,1024,9727.651188
95.009215,1024,9756.01255
95.054296,1024,9783.806902
97.15287,1024,9812.193318
94.118805,1024,9839.888066
90.772028,1024,9868.654989
80.840551,1024,9896.250587
91.377206,1024,9924.862684
93.518614,1024,9952.474839
91.630138,1024,9981.093498
95.715264,1024,10008.99471
94.766656,1024,10038.133186
95.13112,1024,10065.841359
90.919181,1024,10094.416372
93.20632,1024,10122.219091
88.495464,1024,10150.839968
93.946444,1024,10178.560648
92.361132,1024,10207.199871
64.610202,943,10233.266153
89.083144,1024,10261.784871
90.479342,1024,10289.489966
92.297105,1024,10318.197405
62.952308,936,10343.758485
92.708738,1024,10372.793702
94.598765,1024,10401.054067
95.751894,1024,10429.712317
91.202651,1024,10457.3401
91.832222,1024,10485.808462
88.667512,1024,10514.300409
92.515642,1024,10543.005073
92.670234,1024,10570.725787
94.256047,1024,10599.490252
87.155948,1024,10627.758767
27.738504,606,10645.681839
93.514356,1024,10673.194393
95.573526,1024,10702.124593
95.779865,1024,10730.032153
93.639274,1024,10758.699331
93.133895,1024,10786.291465
96.647462,1024,10814.50625
93.698331,1024,10842.036418
92.475489,1024,10870.825416
94.382567,1024,10898.413481
86.758272,1024,10927.455112
94.646227,1024,10955.094793
95.363289,1024,10984.275346
95.92447,1024,11012.48525
87.07466,1024,11041.189937
95.452016,1024,11069.052002
95.870506,1024,11097.702986
59.585202,966,11124.74285
94.560647,1024,11153.412843
95.081472,1024,11181.843964
91.522206,1024,11210.691995
97.616957,1024,11238.508474
93.17006,1024,11267.011153
94.075646,1024,11294.813196
97.471196,1024,11323.471256
96.534506,1024,11350.955576
93.886618,1024,11380.318778
92.348182,1024,11407.912044
96.93064,1024,11436.2302
86.553123,1024,11465.439176
91.334544,1024,11494.156382
97.542044,1024,11522.62209
95.380375,1024,11551.071813
96.569428,1024,11578.899084
81.484815,1024,11607.514491
87.429232,1024,11635.545457
96.899825,1024,11663.712792
97.464804,1024,11691.350342
96.209812,1024,11720.017049
97.873991,1024,11747.467438
96.350511,1024,11776.535908
95.163992,1024,11804.147876
95.975997,1024,11832.767234
96.173483,1024,11860.47127
97.062916,1024,11888.816499
95.270869,1024,11916.951323
96.104056,1024,11945.938232
37.516351,628,11963.39478
94.302345,1024,11990.870646
95.178728,1024,12019.097602
96.202312,1024,12047.020374
95.569145,1024,12075.37203
95.229508,1024,12103.532131
94.732139,1024,12132.110061
94.876245,1024,12160.551334
96.409733,1024,12189.286267
73.726915,1024,12217.098843
94.508817,1024,12246.326462
94.133508,1024,12274.104922
92.883429,1024,12302.785588
34.188616,639,12320.852739
95.016996,1024,12349.668113
94.967242,1024,12377.343808
92.398436,1024,12406.14419
91.819997,1024,12434.206548
89.459288,1024,12462.950107
80.854114,1024,12491.074118
93.82854,1024,12519.467982
96.482131,1024,12547.301303
95.998663,1024,12576.21507
95.985639,1024,12604.177073
88.731406,1024,12632.956675
92.861769,1024,12660.695844
94.342883,1024,12689.466972
74.76574,1024,12717.285729
97.477933,1024,12746.634721
93.405477,1024,12774.581241
93.499387,1024,12803.244428
95.486919,1024,12831.038242
92.775408,1024,12859.749646
94.680363,1024,12887.25776
16.353511,462,12900.618876
93.951275,1024,12928.968818
95.448606,1024,12956.522909
95.437854,1024,12984.991229
92.717403,1024,13012.518282
93.740353,1024,13041.267304
94.375773,1024,13068.898698
97.80375,1024,13097.57758
91.598815,1024,13125.433753
93.208667,1024,13153.94947
93.71597,1024,13181.400295
94.640536,1024,13209.823694
94.710237,1024,13237.519786
95.831749,1024,13266.400108
96.726865,1024,13294.173697
96.466712,1024,13323.096996
96.197615,1024,13350.473742
95.001448,1024,13379.206157
95.506551,1024,13406.912731
96.868401,1024,13435.530817
93.24343,1024,13464.031453
91.443141,1024,13492.753883
94.092775,1024,13520.240828
96.438697,1024,13548.933164
94.446291,1024,13576.895897
94.778913,1024,13605.494629
92.845085,1024,13632.905407
95.168902,1024,13661.629201
96.400909,1024,13689.603277
93.159381,1024,13718.064839
99.721849,1024,13746.139121
93.886653,1024,13775.313263
97.736949,1024,13802.462872
94.456295,1024,13831.893987
98.475361,1024,13863.694676
98.204794,1024,13892.098523
93.29122,1024,13918.838179
92.627149,1024,13946.834051
100.792904,1024,13973.35343
96.015555,1024,14000.981219
97.043369,1024,14027.718314
84.007178,1024,14055.213907
97.525419,1024,14082.160948
95.068245,1024,14110.149361
98.163159,1024,14137.038205
90.568285,1024,14165.309856
93.003785,1024,14193.252647
95.635636,1024,14224.166304
97.02112,1024,14252.880068
97.942365,1024,14281.26479
96.029161,1024,14311.779009
95.779217,1024,14342.197783
79.680991,1024,14371.87201
98.524715,1024,14405.855039
83.535175,1024,14436.820807
96.537856,1024,14470.081138
97.198592,1024,14502.955256
94.246085,1024,14535.753164
96.967394,1024,14564.825457
98.192534,1024,14594.020132
96.607539,1024,14622.398447
98.139523,1024,14652.902938
100.711024,1024,14680.600669
101.119061,1024,14710.853169
97.802965,1024,14738.849805
97.923469,1024,14768.876066
99.597501,1024,14797.716442
95.03046,1024,14826.435635
87.708293,1024,14855.586312
98.709626,1024,14884.497099
93.252811,1024,14911.895414
99.570232,1024,14942.619033
32.905524,585,14959.417532
97.064791,1024,14987.94585
98.800912,1024,15014.743847
58.068715,819,15038.7968
97.247868,1024,15066.219775
97.474064,1024,15095.77765
60.644897,842,15118.572396
99.221754,1024,15148.525677
98.150885,1024,15178.082861
54.906681,755,15198.114763
96.339241,1024,15225.838297
98.330867,1024,15252.856482
100.283711,1024,15280.704813
96.70483,1024,15307.929333
96.077068,1024,15335.687299
99.642558,1024,15362.699685
96.127675,1024,15391.432709
98.535911,1024,15418.623502
96.83648,1024,15447.117112
98.981092,1024,15474.030416
98.538294,1024,15501.772057
97.300064,1024,15528.906815
95.63182,1024,15556.990799
86.866692,1024,15584.114098
96.386902,1024,15614.777761
98.509061,1024,15645.05959
98.06673,1024,15674.661921
98.627052,1024,15703.817471
63.768434,845,15728.192808
97.042434,1024,15755.258163
97.012595,1024,15783.665027
81.955456,1024,15813.093063
99.605829,1024,15841.847256
97.222684,1024,15869.688846
99.789613,1024,15898.74143
97.051549,1024,15926.497632
97.14803,1024,15955.336092
95.373304,1024,15986.463257
96.871874,1024,16018.680944
96.97813,1024,16050.920977
101.667922,1024,16083.714199
94.058578,1024,16116.097309
98.763152,1024,16149.791822
99.41709,1024,16182.103078
36.126561,547,16200.838239
40.125976,665,16223.897118
99.072051,1024,16257.61502
73.679473,1016,16290.615592
95.28827,1024,16322.903432
101.637788,1024,16356.142646
100.111609,1024,16388.112348
99.260663,1024,16421.63421
81.479319,1024,16453.871958
72.824945,1024,16487.275314
94.506536,1024,16520.330891
94.362394,1024,16553.785619
98.351458,1024,16586.040196
99.177048,1024,16618.994153
94.8135,1024,16651.147544
97.450534,1024,16685.062925
98.1577,1024,16718.859589
97.811813,1024,16748.657281
101.202366,1024,16778.454269
95.047743,1024,16811.346608
99.368185,1024,16843.816113
98.299405,1024,16877.424434
96.826324,1024,16909.412003
97.534613,1024,16942.583976
99.030934,1024,16974.703677
97.809699,1024,17007.942089
98.089227,1024,17040.229411
96.252998,1024,17073.999667
98.559704,1024,17106.820225
75.174883,1024,17137.293301
12.19571,449,17150.649762
95.777194,1024,17180.518692
95.522224,1024,17208.758226
96.370529,1024,17238.190533
99.259311,1024,17269.698039
99.730886,1024,17302.351592
97.807468,1024,17334.489651
96.195339,1024,17367.671185
95.702745,1024,17400.297488
95.14317,1024,17433.902924
98.260821,1024,17466.424927
99.198823,1024,17499.511675
100.122987,1024,17532.232936
96.81153,1024,17565.301766
100.265264,1024,17597.807706
97.686859,1024,17631.772223
97.235,1024,17662.673165
99.580986,1024,17695.138486
98.193975,1024,17724.354937
99.53574,1024,17753.735591
98.880734,1024,17782.278151
98.144101,1024,17812.99995
92.659666,1024,17841.38808
100.547531,1024,17874.061722
99.570672,1024,17906.16643
95.053459,1024,17939.551392
97.617636,1024,17971.805093
99.756507,1024,18004.822862
98.859394,1024,18036.332367
100.290042,1024,18069.505659
100.668185,1024,18101.384647
99.849282,1024,18134.41316
100.457209,1024,18166.551768
101.024843,1024,18199.757678
99.994467,1024,18230.657513
100.659908,1024,18260.660637
97.780398,1024,18289.335356
71.653661,1024,18319.118749
99.765448,1024,18347.556442
97.362912,1024,18377.415504
98.554047,1024,18406.444743
100.010846,1024,18436.410889
97.826649,1024,18466.017415
88.749195,1024,18495.331564
100.526038,1024,18524.024354
99.162897,1024,18553.488185
99.140148,1024,18582.120834
98.335765,1024,18615.402523
42.121869,667,18636.046077
101.743811,1024,18666.506437
100.110158,1024,18697.996188
98.913213,1024,18727.243852
98.434982,1024,18757.653718
100.422202,1024,18786.826274
99.082919,1024,18817.241958
100.247748,1024,18845.74716
99.139567,1024,18874.835237
101.20831,1024,18903.430826
97.304246,1024,18932.627355
95.955089,1024,18961.185683
91.862512,1024,18990.293038
100.644238,1024,19018.564693
102.628983,1024,19048.261807
98.984797,1024,19076.652005
100.305968,1024,19105.643197
100.039815,1024,19135.042235
98.466426,1024,19165.148594
98.874821,1024,19194.480945
98.665273,1024,19224.184286
96.549832,1024,19253.859867
99.403687,1024,19284.305395
100.882959,1024,19313.479263
101.294516,1024,19343.579816
100.433752,1024,19372.306122
100.206991,1024,19402.823628
99.554476,1024,19431.761801
100.08517,1024,19462.42252
98.962018,1024,19491.95943
98.812334,1024,19522.032951
98.016368,1024,19551.195691
101.503677,1024,19581.255242
98.565246,1024,19610.456453
98.352909,1024,19640.515267
98.853479,1024,19669.677011
97.444136,1024,19699.666611
99.134482,1024,19730.334798
101.672187,1024,19764.455447
97.277676,1024,19793.711832
99.667397,1024,19824.594139
97.401368,1024,19854.875913
97.991553,1024,19884.846507
91.631607,1024,19913.403056
48.443379,719,19938.178622
100.259313,1024,19969.791483
101.544244,1024,20002.821755
99.489649,1024,20034.370813
97.185867,1024,20066.717583
96.574647,1024,20097.724002
99.479516,1024,20128.11171
98.311389,1024,20156.599712
98.768828,1024,20189.585194
102.825349,1024,20220.031175
101.500946,1024,20248.924097
99.852181,1024,20276.821819
34.143202,533,20292.236598
97.599634,1024,20322.116952
98.469969,1024,20350.839955
96.88547,1024,20380.241649
98.906115,1024,20408.896395
101.17765,1024,20438.064022
102.203126,1024,20466.284784
101.50202,1024,20495.804404
101.820205,1024,20524.690183
99.9047,1024,20555.800534
100.054573,1024,20584.487093
102.4044,1024,20614.26282
100.84496,1024,20643.614118
99.795449,1024,20673.787584
99.902762,1024,20702.569614
101.310063,1024,20734.263938
99.690187,1024,20766.296385
21.880477,417,20782.063744
100.445206,1024,20811.684892
101.163856,1024,20842.516159
101.732752,1024,20870.846397
101.775641,1024,20900.414127
100.337177,1024,20928.764872
100.955014,1024,20958.142415
98.479949,1024,20986.437775
100.641532,1024,21015.854822
102.074667,1024,21044.732966
101.893685,1024,21073.774436
102.481031,1024,21101.97293
100.877053,1024,21131.708689
101.673108,1024,21160.853207
100.921548,1024,21191.431842
92.623197,1024,21220.850982
103.823035,1024,21251.192064
101.763109,1024,21281.618971
100.932812,1024,21312.449591
99.206508,1024,21345.775239
100.572036,1024,21378.901604
84.82465,1024,21410.52774
102.052482,1024,21440.213333
99.495215,1024,21469.214416
101.196501,1024,21499.069496
100.941285,1024,21528.243631
101.755608,1024,21558.377472
100.201511,1024,21588.824799
100.468663,1024,21620.590064
100.839849,1024,21648.948743
101.236449,1024,21677.867126
100.178353,1024,21706.969673
100.292432,1024,21737.077618
99.363321,1024,21767.835468
102.956253,1024,21796.892721
102.586037,1024,21825.200466
100.851912,1024,21853.893985
100.52683,1024,21881.799221
99.703587,1024,21910.464066
101.2535,1024,21938.875473
103.448586,1024,21968.386158
99.946434,1024,21996.673929
100.152592,1024,22025.79661
101.9321,1024,22054.230342
102.346245,1024,22082.986613
102.640907,1024,22110.796477
101.983531,1024,22140.141594
101.217188,1024,22169.186181
100.528784,1024,22199.105701
103.150689,1024,22227.980445
54.984553,787,22251.840847
103.212379,1024,22280.588025
59.10975,767,22303.053454
101.584633,1024,22333.592205
99.948174,1024,22362.342481
102.963122,1024,22392.087536
103.28609,1024,22420.854074
102.966126,1024,22450.420685
99.310889,1024,22479.457847
105.112243,1024,22509.407784
100.550944,1024,22537.951331
102.263218,1024,22567.64587
103.376138,1024,22596.561882
104.819616,1024,22626.460737
104.905233,1024,22655.190871
101.223106,1024,22685.030675
103.570122,1024,22713.693152
101.75524,1024,22743.263218
99.273049,1024,22772.116583
103.245423,1024,22802.032608
104.293926,1024,22830.913593
104.401049,1024,22860.675683
104.336245,1024,22889.305143
39.996428,657,22909.549316
103.420474,1024,22938.109403
104.365223,1024,22967.895892
103.387944,1024,22997.178641
102.201578,1024,23027.082241
103.897433,1024,23056.000337
104.946582,1024,23085.98092
101.921731,1024,23114.529768
93.425246,1024,23144.391886
100.700145,1024,23173.501022
103.395647,1024,23203.217455
97.185472,1024,23231.866117
99.209239,1024,23261.823199
101.629406,1024,23290.531263
99.3356,1024,23320.431267
103.649924,1024,23349.413235
104.387034,1024,23379.887442
101.711299,1024,23408.529272
102.347266,1024,23438.081
99.265871,1024,23466.86456
102.645995,1024,23496.452205
103.652347,1024,23525.008112
99.187627,1024,23554.424263
100.066422,1024,23583.232487
98.384652,1024,23613.330573
102.034929,1024,23642.485016
102.126299,1024,23672.317427
54.638362,804,23695.200917
103.300265,1024,23725.100464
61.776244,867,23749.857876
100.798218,1024,23779.61587
60.410113,806,23802.845554
103.91457,1024,23831.415153
102.154203,1024,23860.92545
101.14525,1024,23889.665273
102.524268,1024,23919.407719
101.627717,1024,23948.156031
103.09979,1024,23978.087599
101.703299,1024,24006.593695
103.329826,1024,24036.250241
104.175793,1024,24065.206182
105.90895,1024,24095.163389
56.874661,763,24117.088242
100.765382,1024,24146.518104
51.986317,730,24167.402404
100.595761,1024,24197.309111
92.993812,1024,24226.016551
100.823096,1024,24255.828989
104.071256,1024,24284.249173
103.353906,1024,24313.884173
104.280456,1024,24342.569992
51.599117,693,24363.360778
97.94942,1024,24392.244049
104.218117,1024,24421.937832
100.132808,1024,24450.662889
95.812333,1024,24480.166714
103.697732,1024,24509.001572
102.309772,1024,24538.518784
105.10063,1024,24567.021036
104.360277,1024,24596.750353
102.733007,1024,24625.788163
104.762566,1024,24655.357745
103.768018,1024,24684.377761
103.422098,1024,24713.86264
100.450352,1024,24742.375811
103.524168,1024,24772.01249
104.780381,1024,24801.007287
102.925384,1024,24830.694313
102.809957,1024,24859.609944
104.551972,1024,24889.284318
103.961058,1024,24918.140138
103.496896,1024,24947.874162
101.804151,1024,24976.643193
103.903707,1024,25006.199865
102.648255,1024,25034.666095
104.354402,1024,25064.333515
13.982647,324,25074.260728
101.886543,1024,25103.124468
103.221921,1024,25132.616016
102.308575,1024,25161.053366
103.392115,1024,25190.498057
96.240345,1024,25219.185375
102.651878,1024,25249.031282
103.410458,1024,25277.473299
104.538661,1024,25307.604975
101.856348,1024,25336.246433
101.379709,1024,25365.79179
102.335515,1024,25394.31113
100.215663,1024,25423.923639
103.71025,1024,25452.495156
103.293831,1024,25482.144233
101.309532,1024,25510.967314
104.646929,1024,25540.569968
104.915918,1024,25569.568215
103.752037,1024,25598.939488
102.083199,1024,25628.013356
99.436961,1024,25657.338303
104.050621,1024,25686.055327
65.611312,875,25711.64741
103.174468,1024,25740.512835
102.639003,1024,25770.061228
102.609785,1024,25798.626444
70.631951,905,25825.885796
97.688274,1024,25855.062339
104.897419,1024,25884.439285
105.841204,1024,25913.415456
104.722483,1024,25942.889035
103.095153,1024,25971.705542
105.746462,1024,26001.379424
104.03751,1024,26029.943883
103.999877,1024,26059.613017
95.821457,1024,26088.537177
104.256185,1024,26118.203551
104.322799,1024,26147.143496
103.86318,1024,26176.70752
102.684424,1024,26205.390155
104.282019,1024,26234.811338
105.033039,1024,26263.583661
104.246301,1024,26293.057754
104.730627,1024,26321.78296
103.584716,1024,26351.634786
106.377706,1024,26380.371222
103.559602,1024,26409.848504
105.000969,1024,26438.331261
104.346814,1024,26467.692124
103.855635,1024,26496.597116
105.279843,1024,26526.281314
20.713222,546,26542.380619
103.936765,1024,26571.305879
103.437748,1024,26601.413491
35.069082,530,26616.944132
104.925198,1024,26646.679499
105.07832,1024,26675.348851
106.622287,1024,26705.38383
75.277776,880,26730.163085
106.361648,1024,26759.929332
104.221216,1024,26788.349887
100.389833,1024,26818.268083
104.732747,1024,26846.777907
101.176352,1024,26876.233086
103.694667,1024,26905.489378
106.61842,1024,26935.131987
91.634887,1024,26963.567337
105.231508,1024,26993.299825
106.872681,1024,27022.302887
107.4407,1024,27051.701423
24.445841,494,27066.269528
106.148285,1024,27095.499465
106.90645,1024,27125.472923
104.31243,1024,27154.213631
103.240235,1024,27183.861554
103.732243,1024,27212.639742
105.206128,1024,27242.537617
107.341119,1024,27271.216037
99.925015,1024,27300.879961
108.370237,1024,27329.443659
107.545239,1024,27359.07937
106.376263,1024,27387.786979
105.659608,1024,27417.348443
97.316974,1024,27445.957337
106.595715,1024,27475.581343
100.772801,1024,27504.063537
107.548092,1024,27533.471373
104.402015,1024,27562.053013
108.186298,1024,27591.65531
106.748948,1024,27620.437488
104.008863,1024,27650.386113
102.942006,1024,27679.154467
103.693061,1024,27708.685802
106.807168,1024,27737.369188
105.647433,1024,27767.198666
104.781739,1024,27795.684097
107.632295,1024,27825.551203
106.379128,1024,27854.030722
108.108845,1024,27883.854999
108.25691,1024,27912.77948
107.336536,1024,27942.826903
107.081562,1024,27971.921767
109.772534,1024,28001.786907
105.427198,1024,28030.767958
95.07435,1024,28060.305572
107.806942,1024,28088.945136
107.138118,1024,28118.556734
107.009185,1024,28147.422221
107.261316,1024,28176.962321
107.599149,1024,28205.553476
104.257995,1024,28234.856777
107.020973,1024,28264.1502
97.608466,1024,28293.803086
108.630997,1024,28322.699004
107.42485,1024,28352.735358
105.490553,1024,28381.795567
103.723457,1024,28411.910261
102.024722,1024,28440.471001
105.539525,1024,28470.373758
104.231223,1024,28499.254062
106.345716,1024,28529.005919
106.430694,1024,28557.890629
106.681362,1024,28587.412414
105.559139,1024,28616.173043
107.734384,1024,28645.789528
105.114559,1024,28674.452438
108.994935,1024,28704.170418
103.064221,1024,28732.710039
106.51511,1024,28762.066275
106.048688,1024,28790.712996
106.87874,1024,28820.595697
104.977924,1024,28849.080638
107.35746,1024,28878.591997
106.23788,1024,28908.03532
106.389008,1024,28937.397
107.898548,1024,28966.972691
107.622557,1024,28996.942512
107.509894,1024,29025.609578
107.741175,1024,29055.700256
106.687787,1024,29084.573623
108.42464,1024,29114.156445
100.262088,1024,29142.730539
104.88844,1024,29172.486638
106.948451,1024,29201.395825
107.275824,1024,29231.178906
107.652438,1024,29260.083836
107.20284,1024,29289.822518
107.417877,1024,29319.090548
107.182161,1024,29348.781431
107.361792,1024,29377.612193
105.411042,1024,29407.332733
106.286903,1024,29435.982628
108.012928,1024,29465.500828
106.861178,1024,29494.41389
105.047852,1024,29524.119435
107.954601,1024,29553.05873
107.722917,1024,29582.69496
106.345848,1024,29611.840018
106.828576,1024,29641.556432
106.924231,1024,29670.412274
104.691829,1024,29699.990122
106.453031,1024,29728.746015
106.663176,1024,29758.600682
106.280671,1024,29787.265648
107.958226,1024,29816.651677
107.975956,1024,29845.264722
107.176588,1024,29875.123895
107.096414,1024,29903.600236
105.83113,1024,29933.539147
105.622393,1024,29962.064102
105.497138,1024,29991.342538
105.380072,1024,30019.810522
106.644615,1024,30049.845637
105.838665,1024,30078.640979
106.152765,1024,30108.554606
106.35032,1024,30137.228619
103.977119,1024,30167.993564
106.78423,1024,30196.596713
105.057551,1024,30226.598287
103.551109,1024,30255.256193
107.035829,1024,30285.066297
107.487067,1024,30313.527555
107.143004,1024,30342.960554
106.730878,1024,30371.81587
107.504412,1024,30401.863237
104.813681,1024,30430.369273
105.504107,1024,30459.829494
103.730201,1024,30489.317336
98.501032,1024,30518.819093
102.295104,1024,30547.308763
105.029382,1024,30577.14896
105.417959,1024,30605.647699
107.344272,1024,30635.024986
103.057397,1024,30663.547306
107.258398,1024,30693.366089
104.801198,1024,30722.132585
104.863254,1024,30751.988557
106.626466,1024,30780.836499
104.377212,1024,30810.483298
57.561678,779,30832.86579
106.475685,1024,30862.603635
107.341072,1024,30891.206543
105.375805,1024,30920.536235
107.529221,1024,30949.860875
106.742046,1024,30979.427391
103.192541,1024,31007.882714
68.286927,989,31036.690153
107.84997,1024,31065.729635
105.103694,1024,31095.360528
106.824006,1024,31124.194046
103.384452,1024,31153.975797
106.771031,1024,31182.72662
107.795767,1024,31212.934516
105.460697,1024,31241.529661
105.325992,1024,31270.959867
104.707132,1024,31299.858022
104.024762,1024,31329.242864
104.717379,1024,31358.26063
105.16652,1024,31387.857262
105.762591,1024,31416.676055
105.819865,1024,31446.635802
106.337922,1024,31475.224594
104.580004,1024,31504.703968
102.113134,1024,31533.470302
105.363145,1024,31563.141861
107.220597,1024,31591.756378
77.579664,949,31619.657364
104.093107,1024,31647.981145
105.058047,1024,31677.643522
107.648821,1024,31706.390336
99.965473,1024,31735.979557
107.496887,1024,31764.870814
105.712487,1024,31794.507561
106.29915,1024,31823.20046
107.518338,1024,31853.165563
108.068047,1024,31881.679194
104.411679,1024,31911.3109
107.954468,1024,31939.845656
103.860842,1024,31969.175484
107.15148,1024,31997.637758
103.215525,1024,32027.525757
107.227887,1024,32056.4757
22.927543,450,32069.913257
107.414207,1024,32099.418344
105.052149,1024,32128.776952
104.181729,1024,32158.341692
105.234555,1024,32187.170156
104.171541,1024,32216.773882
106.023038,1024,32247.219258
102.968679,1024,32277.11871
106.766769,1024,32305.621178
105.349436,1024,32335.194411
106.805254,1024,32363.710087
106.222142,1024,32392.735373
105.206349,1024,32420.84248
106.41055,1024,32449.881554
106.584964,1024,32477.821298
104.134023,1024,32506.903735
105.862636,1024,32535.306928
107.496683,1024,32564.871315
106.472033,1024,32594.220048
105.831466,1024,32624.912719
107.158873,1024,32654.011664
106.585012,1024,32683.994141
107.804405,1024,32712.956639
105.598468,1024,32742.914069
107.806709,1024,32771.950779
106.953878,1024,32801.726836
108.001122,1024,32831.109212
104.448964,1024,32861.278157
107.446966,1024,32890.102302
109.488939,1024,32920.549617
108.119782,1024,32949.708842
108.101575,1024,32979.715585
107.010735,1024,33008.765621
106.329939,1024,33038.797231
107.026976,1024,33068.073246
107.743406,1024,33098.359047
107.188902,1024,33127.614931
106.956376,1024,33157.93923
106.36418,1024,33187.048014
106.639403,1024,33216.780838
106.237534,1024,33246.076916
107.193883,1024,33276.524934
107.551777,1024,33305.557838
105.933941,1024,33335.564928
99.04445,1024,33364.453452
106.149276,1024,33394.496663
106.928368,1024,33423.749645
108.851659,1024,33453.729226
