loss_kl,TimestepsSoFar,EpLenMean,loss_vf_loss,loss_pol_entpen,EpisodesSoFar,ev_tdlam_before,EpRewMean,loss_pol_surr,EpThisIter,TimeElapsed,loss_ent
0.0065223607,1876,375.2,0.09665116,0.0,5,-0.3958197832107544,6.1220108889897125,-0.01146758,5,71.27099514007568,1.4097294
0.006585344,3897,324.75,0.07278783,0.0,12,0.006724298000335693,4.38499382680502,-0.01331818,7,145.47387433052063,1.4078861
0.005608459,5767,303.5263157894737,0.09289306,0.0,19,0.15216892957687378,3.619452908083426,-0.012620417,7,321.6944041252136,1.4079411
0.005484427,7942,317.68,0.08848247,0.0,25,0.18132644891738892,4.158714863130291,-0.014597936,6,458.17409110069275,1.4272664
0.0046158344,10114,326.258064516129,0.11969398,0.0,31,0.22178369760513306,4.448553989942794,-0.012591666,6,772.9611630439758,1.4351465
0.008416398,12240,340.0,0.12504274,0.0,36,0.12852364778518677,5.135693019585676,-0.019112736,5,976.3025453090668,1.4329771
0.0058307922,14027,342.1219512195122,0.13496774,0.0,41,0.26999539136886597,5.207556877246197,-0.01663328,5,1037.3938171863556,1.4324316
0.006433405,16242,345.5744680851064,0.122474864,0.0,47,0.3390125036239624,5.338925679159394,-0.017608177,6,1096.8694231510162,1.4326655
0.005081835,18256,344.45283018867923,0.17200367,0.0,53,0.38213419914245605,5.458095921471654,-0.015656218,6,1156.2236289978027,1.4343137
0.006859251,20240,348.9655172413793,0.15944403,0.0,58,0.3678305149078369,5.6688995764030174,-0.017701128,5,1214.8388359546661,1.4539375
0.0066635967,22103,362.344262295082,0.16338576,0.0,61,0.33638709783554077,6.23764536283111,-0.020122565,3,1272.853223323822,1.4657755
0.0077979723,24298,373.81538461538463,0.17547742,0.0,65,0.2726162075996399,6.647162819151035,-0.01978267,4,1335.0139751434326,1.4701319
0.00572804,26343,381.7826086956522,0.12892695,0.0,69,0.336436927318573,6.945773365002312,-0.018118933,4,1396.6948871612549,1.46875
0.008871746,28093,395.67605633802816,0.10699777,0.0,71,0.10277599096298218,7.576704443528753,-0.02011251,2,1456.7224402427673,1.4684986
0.006313828,29750,402.02702702702703,0.1337125,0.0,74,0.2836450934410095,7.867739527568715,-0.022136876,3,1520.9961531162262,1.4805413
0.0073409835,32693,413.8354430379747,0.1821322,0.0,79,0.26769542694091797,8.522998227400294,-0.017491076,5,1587.6473100185394,1.4841765
0.008992299,34473,420.4024390243902,0.1539551,0.0,82,0.3912299871444702,8.78549266114615,-0.019815464,3,1650.6786789894104,1.494586
0.006489578,36516,429.6,0.2816392,0.0,85,0.42899656295776367,9.125624889943769,-0.018147612,3,1711.4153053760529,1.5260875
0.0073563037,38834,441.29545454545456,0.17453668,0.0,88,0.22760093212127686,9.670838369254156,-0.018654991,3,1778.2496931552887,1.5195271
0.00720759,40528,450.31111111111113,0.13589457,0.0,90,0.31090229749679565,10.092452618037463,-0.020618642,2,1845.4745540618896,1.5216167
0.007717256,43000,457.4468085106383,0.19266942,0.0,94,0.3616437315940857,10.452045992359082,-0.019383391,4,1920.7343971729279,1.5006917
0.007806859,44510,463.6458333333333,0.17704442,0.0,96,0.27713459730148315,10.737408459610814,-0.020663818,2,1978.5609152317047,1.4867634
0.0062133465,46979,469.79,0.19722588,0.0,100,0.5060901939868927,11.017222137334075,-0.019540915,4,2040.550811290741,1.4761616
0.008816346,48655,476.74,0.26088145,0.0,103,0.48946183919906616,11.354637188225784,-0.0202812,3,2104.933047056198,1.4939318
0.007845432,51001,488.28,0.24744,0.0,106,0.4625360369682312,11.910913763023354,-0.018364143,3,2166.3673672676086,1.5012064
0.0070067146,53030,497.84,0.25672898,0.0,110,0.5137376189231873,12.406420963908563,-0.025035407,4,2230.3524081707,1.4928083
0.0061704735,55254,508.27,0.27852765,0.0,114,0.5855551958084106,12.866700677432162,-0.023425704,4,2295.008525133133,1.4752359
0.007889158,56979,520.37,0.27188316,0.0,116,0.5902167856693268,13.418207351746,-0.023001125,2,2359.536370277405,1.4737893
0.008407729,59282,535.15,0.25029367,0.0,119,0.6341483294963837,14.052678786803531,-0.020931993,3,2420.118963956833,1.4768523
0.008325108,61277,547.66,0.18181072,0.0,121,0.5638958513736725,14.7882495695545,-0.024062889,2,2481.075220346451,1.4640477
0.010361333,63041,554.61,0.31423235,0.0,124,0.6477247476577759,15.223900648402797,-0.026310243,3,2547.2387812137604,1.4647472
0.0077056964,65089,568.2,0.32268915,0.0,126,0.6003961265087128,15.82036015638856,-0.024075795,2,2609.090209007263,1.4491626
0.008207708,67137,582.3,0.21029827,0.0,128,0.24245965480804443,16.581815023679404,-0.021216592,2,2670.788177251816,1.4404026
0.009298837,69507,593.93,0.19784366,0.0,131,0.4920077919960022,17.438757588374802,-0.02685305,3,2741.3627829551697,1.4508709
0.0073432103,71054,598.2,0.25638485,0.0,133,0.6235440671443939,17.715926064096454,-0.019349715,2,2825.484367132187,1.4558191
0.009098664,73639,613.99,0.29829603,0.0,136,0.7353119850158691,18.481787616482123,-0.030913264,3,2886.717298269272,1.424357
0.007782076,75687,629.68,0.19543451,0.0,138,-0.29767465591430664,19.546234730396968,-0.025022468,2,2943.3441290855408,1.4020463
0.008403058,77072,634.2,0.1812248,0.0,140,0.4256662130355835,19.913761605597962,-0.02680545,2,2999.304583311081,1.3929024
0.008510944,79304,645.26,0.23428215,0.0,143,0.6092698872089386,20.63419531702422,-0.023585182,3,3056.144790172577,1.396339
0.008540539,81013,653.77,0.18978727,0.0,145,0.8059964925050735,21.136608068529583,-0.02584412,2,3112.120020389557,1.3959402
0.010798595,83061,668.19,0.34176084,0.0,147,0.48709172010421753,21.972291209221503,-0.024462676,2,3169.1613721847534,1.3926686
0.0073234215,85109,681.79,0.23699418,0.0,149,0.12100780010223389,22.881382672825733,-0.023899846,2,3226.2366771698,1.378296
0.012135567,87157,695.38,0.20849863,0.0,151,0.05682247877120972,23.85157353560156,-0.028804773,2,3283.0940222740173,1.3656031
0.008272715,89775,712.48,0.302016,0.0,154,0.35423409938812256,25.02566488276542,-0.026119001,3,3340.886868953705,1.3698145
0.011161408,91823,725.57,0.23779711,0.0,156,0.12280255556106567,26.033161471770796,-0.024274489,2,3398.4562842845917,1.3795208
0.011382543,93871,736.31,0.23296015,0.0,158,0.19940608739852905,26.89109368294572,-0.027991816,2,3456.440902233124,1.3934326
0.008213794,95918,742.98,0.22126608,0.0,160,0.4540424346923828,27.530763282610835,-0.02464031,2,3513.5535521507263,1.3894435
0.008487769,97966,753.47,0.27882013,0.0,162,0.5973119735717773,28.370888818588472,-0.024824517,2,3571.271077156067,1.3824056
0.007824522,100014,762.86,0.2507108,0.0,164,0.43312615156173706,29.235162554823642,-0.025975853,2,3628.8405702114105,1.3799043
0.010958218,102021,774.12,0.20042594,0.0,166,0.6934891939163208,30.094522546012566,-0.027836325,2,3685.443348169327,1.3722025
0.009349955,104069,782.33,0.44951376,0.0,168,0.37529921531677246,30.831491770360348,-0.03178714,2,3742.558697938919,1.3520025
0.010319784,106117,790.48,0.2749177,0.0,170,0.004225313663482666,31.654094456439683,-0.021461654,2,3799.8284311294556,1.3532065
0.01579655,108165,790.48,0.24181844,0.0,172,0.14880824089050293,32.062700554815564,-0.021795861,2,3857.0209262371063,1.3553618
0.008098176,110213,804.63,0.2659561,0.0,174,0.11804986000061035,33.15095030587883,-0.02267067,2,3913.9504733085632,1.3582546
0.0075730183,112468,808.71,0.27774787,0.0,177,0.36816710233688354,33.4944840177586,-0.024636064,3,3971.702536344528,1.3458942
0.008800544,114184,814.91,0.28572223,0.0,179,0.596452921628952,33.97799572948316,-0.023401773,2,4029.27526307106,1.3437535
0.01263478,116232,823.24,0.2824057,0.0,181,0.105976402759552,34.87450851187373,-0.028314998,2,4088.527736186981,1.3216594
0.009283762,118280,830.25,0.3363983,0.0,183,0.30418670177459717,35.71919700878362,-0.026132565,2,4145.8119349479675,1.327274
0.0097187655,120357,833.78,0.323965,0.0,186,0.5392055809497833,36.2399345921175,-0.025583565,3,4210.0439422130585,1.3310131
0.01087529,122405,835.71,0.3023176,0.0,188,0.07012587785720825,36.905896122269226,-0.028573161,2,4274.025816202164,1.3080761
0.01355911,124453,839.25,0.26985812,0.0,190,0.22280490398406982,37.59885005527298,-0.026151123,2,4335.1199679374695,1.3024446
0.012034112,126501,849.32,0.32382473,0.0,192,0.44892382621765137,38.58851053694182,-0.029280424,2,4396.1210501194,1.3007951
0.010739917,128936,854.06,0.41719213,0.0,195,0.5778467655181885,38.99756257893602,-0.02538171,3,4476.7494950294495,1.2840132
0.011497744,130340,848.06,0.29462886,0.0,197,0.6603856086730957,39.05113693084159,-0.02646108,2,4538.744036197662,1.2960359
0.011041656,132388,858.63,0.31004903,0.0,199,0.2362545132637024,40.2096069577584,-0.023834556,2,4599.196053981781,1.300011
0.017233951,134436,870.7,0.40110123,0.0,201,0.2996014952659607,41.37024834064226,-0.029461065,2,4658.904099225998,1.2741523
0.010417694,136484,878.29,0.33032572,0.0,203,0.27866488695144653,42.21185658492872,-0.026556358,2,4718.195036172867,1.2671497
0.014796719,138532,885.55,0.31786814,0.0,205,0.25603818893432617,43.17553392140573,-0.024210759,2,4777.489383220673,1.2522465
0.011287431,140580,891.52,0.32146052,0.0,207,0.18346351385116577,44.069798857844496,-0.024430119,2,4836.07470202446,1.249962
0.0116730975,142628,899.1,0.3415479,0.0,209,0.18379801511764526,45.045526903352766,-0.022780472,2,4894.340123176575,1.2656655
0.012877297,144485,909.32,0.26269153,0.0,211,0.4875238537788391,45.8858405874905,-0.023816776,2,4951.020700216293,1.2383193
0.013131554,146533,918.6,0.35437605,0.0,213,0.1745031476020813,46.981605292916036,-0.026053622,2,5008.32758808136,1.2346215
0.010635855,149101,921.22,0.42385414,0.0,216,0.47790390253067017,47.775716063846104,-0.021847595,3,5067.767296075821,1.2321202
0.013485761,151149,928.91,0.35421705,0.0,218,0.3953371047973633,48.74266277252738,-0.029694928,2,5127.537311077118,1.2369564
0.0091692535,153025,927.72,0.29327345,0.0,220,0.6436366140842438,49.08050160080467,-0.025707912,2,5185.602726221085,1.2396758
0.014628678,155073,933.51,0.34218976,0.0,222,0.03177422285079956,49.85103426742431,-0.029132832,2,5246.2189881801605,1.2210544
0.013314683,157121,940.8,0.37752512,0.0,224,0.3240787386894226,50.80133722736031,-0.028994398,2,5307.946293115616,1.2190415
0.013934966,159169,940.8,0.3632591,0.0,226,0.23491060733795166,51.418882914497026,-0.022363381,2,5374.7706480026245,1.2275722
0.020747183,161217,940.8,0.33131042,0.0,228,0.22382521629333496,51.89604911372924,-0.021862805,2,5433.541922092438,1.2180057
0.010634446,163265,940.8,0.3758621,0.0,230,0.3158855438232422,52.25027059965906,-0.025950698,2,5492.386759281158,1.2125183
0.011941486,165697,946.43,0.48424813,0.0,233,0.36941951513290405,53.130657022219864,-0.025529077,3,5552.152605295181,1.2209332
0.011586205,167348,947.33,0.35436574,0.0,235,0.6818709969520569,53.47760707963208,-0.02831726,2,5614.0237691402435,1.2113545
0.010501536,169396,947.33,0.3776496,0.0,237,0.683185875415802,54.061011271522176,-0.026323276,2,5678.643027305603,1.2054868
0.009921693,171444,947.33,0.5447233,0.0,239,0.7011934220790863,54.075251432473515,-0.030230533,2,5740.788076162338,1.1915816
0.010963707,173492,955.62,0.4286717,0.0,241,0.1807895302772522,55.11760529830669,-0.028281404,2,5797.239794254303,1.1854756
0.009130937,175540,962.36,0.37331173,0.0,243,0.2522280812263489,55.894102221653846,-0.02616941,2,5855.2891182899475,1.183777
0.014180462,177588,965.75,0.39253986,0.0,245,0.26907914876937866,56.71302169574412,-0.024803175,2,5914.447293281555,1.1860653
0.012644545,179636,965.75,0.40824145,0.0,247,0.29389238357543945,57.29030221401829,-0.018543316,2,5982.279959201813,1.1830581
0.01309879,181684,965.75,0.421382,0.0,249,0.2749311327934265,57.708396099202155,-0.025367863,2,6043.519726037979,1.1587731
0.011121747,183732,965.75,0.4097706,0.0,251,0.3121377229690552,58.0255814859603,-0.02420625,2,6104.942905187607,1.1631589
0.013588288,185780,970.29,0.3968907,0.0,253,0.2466261386871338,58.77089807970452,-0.026020609,2,6165.35151720047,1.1412218
0.015347776,187828,970.29,0.3154058,0.0,255,0.2990407347679138,59.04825419317344,-0.026812557,2,6223.841949224472,1.1376497
0.012361315,189876,970.29,0.3905713,0.0,257,0.17866188287734985,59.41859382761987,-0.027199823,2,6283.251918077469,1.1350595
0.013335974,191924,970.29,0.41201347,0.0,259,0.2487952709197998,59.884803919411425,-0.024581293,2,6339.280335187912,1.1430954
0.012945786,193814,968.72,0.32318607,0.0,261,0.39732205867767334,59.995326325337125,-0.028438386,2,6399.8790781497955,1.1447104
0.01418728,195862,968.72,0.4062027,0.0,263,0.29548388719558716,60.50053793978503,-0.024585593,2,6458.307753324509,1.1347376
0.010376884,197910,969.13,0.40118274,0.0,265,0.29622042179107666,60.925958033094545,-0.024368297,2,6515.118977069855,1.141107
0.014905759,199958,969.13,0.40116966,0.0,267,0.26166635751724243,61.360590375248485,-0.022492345,2,6572.765468120575,1.1250099
0.015548685,202006,969.13,0.39804196,0.0,269,0.4942057132720947,61.61120783271922,-0.028904997,2,6633.108943223953,1.112686
0.010348078,204054,969.13,0.42679912,0.0,271,0.23685848712921143,62.00001779359313,-0.025911191,2,6692.544991970062,1.1231865
0.015685316,206102,969.13,0.40665758,0.0,273,0.2375701665878296,62.330395418413225,-0.027365426,2,6751.973963975906,1.1230544
0.011884627,208150,972.32,0.40948376,0.0,275,0.34141021966934204,63.0121215616962,-0.028067853,2,6809.6974041461945,1.1131362
0.009426582,209947,974.79,0.25074208,0.0,277,0.43377941846847534,63.45670441394757,-0.024751326,2,6869.412971973419,1.1235771
0.014321288,211995,978.11,0.4252467,0.0,279,0.28193843364715576,64.22883404616917,-0.021543128,2,6929.114462375641,1.1226069
0.011582899,214693,974.37,0.5346882,0.0,282,0.6252500414848328,64.31390589484018,-0.02854317,3,6987.293988227844,1.1333117
0.011589027,216418,974.27,0.5017221,0.0,284,0.7608668208122253,64.52529739629622,-0.032346707,2,7044.67751121521,1.1154047
0.015171283,218203,978.46,0.28917724,0.0,286,0.7410348057746887,65.01774705607889,-0.023226123,2,7102.117823123932,1.0992961
0.018151853,220251,978.46,0.35949612,0.0,288,0.3622525930404663,65.25226129333257,-0.028937515,2,7161.239262342453,1.0998691
0.010575845,222580,971.03,0.53859967,0.0,291,0.6825258433818817,64.95074679772837,-0.02947221,3,7219.013493061066,1.1088613
0.016168145,224628,975.9,0.474978,0.0,293,0.31475234031677246,65.9068027636467,-0.024911746,2,7274.360216140747,1.1052932
0.013711257,226676,977.4,0.40965784,0.0,295,0.636468917131424,66.53255485953308,-0.025030274,2,7332.6640021800995,1.1062889
0.014821567,228724,983.84,0.47981197,0.0,297,0.37154048681259155,67.35938956030205,-0.026867514,2,7394.133985042572,1.1130778
0.013176406,230772,983.84,0.4917673,0.0,299,0.2788317799568176,67.67613162835434,-0.02132539,2,7455.3110682964325,1.1122476
0.009106373,232820,983.84,0.52391577,0.0,301,0.3017438054084778,67.96031359090588,-0.023226239,2,7513.191822052002,1.1128371
0.0129399905,234868,983.84,0.5043045,0.0,303,0.338581383228302,68.3527872354461,-0.020368492,2,7568.948086023331,1.1128603
0.013308961,236916,983.84,0.51459706,0.0,305,0.39674365520477295,68.48350824336845,-0.032090627,2,7624.729225158691,1.0992143
0.016824473,238964,983.84,0.44900787,0.0,307,0.3305981159210205,68.83801602547736,-0.023374544,2,7679.3343641757965,1.0998874
0.020257784,241012,983.84,0.4908128,0.0,309,0.2913495898246765,69.08236483842272,-0.022602497,2,7734.683828115463,1.0972307
0.010133813,243060,985.75,0.49753526,0.0,311,0.29067206382751465,69.69911968493166,-0.023314372,2,7789.9008531570435,1.1032889
0.013647575,245108,985.75,0.51233965,0.0,313,0.3479941487312317,69.99820529064324,-0.022889575,2,7845.042668104172,1.1202168
0.016203256,247712,986.11,0.61105764,0.0,316,0.49344801902770996,70.42084053130617,-0.029614259,3,7901.405072212219,1.1152381
0.015638806,249450,983.01,0.43282276,0.0,318,0.7302241623401642,70.24249301837551,-0.030320188,2,7958.481291055679,1.1102308
0.014860629,251498,984.73,0.5432925,0.0,320,0.4126740097999573,70.85499748890534,-0.025127418,2,8015.432862997055,1.0996928
0.013925847,253546,984.73,0.5400191,0.0,322,0.3323608636856079,71.1935354437463,-0.022927836,2,8071.513602018356,1.091844
0.0122388005,255594,984.73,0.45261136,0.0,324,0.5538797080516815,71.42729905924217,-0.027149774,2,8128.34575009346,1.0941713
0.017889721,257642,984.73,0.5552072,0.0,326,0.33955180644989014,71.82076237941612,-0.02437387,2,8185.193261146545,1.0987278
0.014721426,259690,984.73,0.51244783,0.0,328,0.3854159116744995,72.2542737331899,-0.018977081,2,8242.11294221878,1.1002407
0.014758632,261561,982.96,0.44871178,0.0,330,0.631287693977356,72.30525339966844,-0.028511632,2,8300.673784017563,1.0907861
0.01124165,263609,982.96,0.53487366,0.0,332,0.3298521637916565,72.66744638564272,-0.027370205,2,8358.39304113388,1.086085
0.013311079,265657,989.36,0.55534124,0.0,334,0.32029151916503906,73.63030910702902,-0.02247171,2,8416.9494972229,1.0957773
0.014572341,267705,993.33,0.42021054,0.0,336,0.6380406618118286,74.36334811376926,-0.030158222,2,8473.991605043411,1.0988715
0.0095747635,269753,993.33,0.50870174,0.0,338,0.344946026802063,74.84923089635929,-0.02354038,2,8532.012990951538,1.0956725
0.011629548,271801,993.33,0.5491667,0.0,340,0.3235478401184082,75.31660516005142,-0.019085664,2,8590.031445026398,1.1124187
0.013296566,273849,993.33,0.6050599,0.0,342,0.41083061695098877,75.64035138208271,-0.027014468,2,8647.816003084183,1.120632
0.023208026,275897,993.33,0.50709796,0.0,344,0.3952485918998718,75.92803769516347,-0.026006801,2,8705.072532176971,1.1176225
0.01753127,277945,993.33,0.5261162,0.0,346,0.3551419973373413,76.21299471593231,-0.027782546,2,8762.535095214844,1.1038615
0.011187999,279993,993.33,0.558271,0.0,348,0.3636589050292969,76.4880947509129,-0.024228029,2,8819.882191181183,1.1023526
0.0147533305,282041,993.33,0.54827815,0.0,350,0.37888991832733154,76.82201740601747,-0.021654677,2,8878.46841597557,1.1108339
0.011153088,284089,993.33,0.60363036,0.0,352,0.3448805809020996,77.1645312869417,-0.025107501,2,8936.498996019363,1.1088423
0.013913283,286137,993.33,0.5887578,0.0,354,0.3488178253173828,77.42885962488609,-0.024881782,2,8995.190555095673,1.1168176
0.010969817,288185,993.33,0.56789005,0.0,356,0.38168513774871826,77.75735563710278,-0.020369032,2,9051.91464805603,1.1088011
0.014451239,290233,993.33,0.4944914,0.0,358,0.3761746287345886,78.07135930358008,-0.027663555,2,9108.65559220314,1.1073202
0.015655452,292281,993.33,0.62454844,0.0,360,0.3829517960548401,78.22710229082912,-0.027017435,2,9165.068476200104,1.1059269
0.0151506765,294329,994.91,0.56847435,0.0,362,0.3596178889274597,78.76068597113483,-0.023231847,2,9222.346187114716,1.1032256
0.017384274,296377,994.91,0.37341386,0.0,364,0.41688162088394165,79.1336411909584,-0.029673688,2,9279.43097615242,1.0978875
0.011590349,298425,994.91,0.59379864,0.0,366,0.382501482963562,79.47256962909324,-0.022227079,2,9336.82709813118,1.0976577
0.020535426,300473,994.91,0.6267072,0.0,368,0.26014620065689087,79.91461186131077,-0.024992635,2,9393.935880184174,1.0870627
0.012414789,302329,992.99,0.4555241,0.0,370,0.6675090789794922,79.88200626306055,-0.02739624,2,9452.190522193909,1.0922868
0.019058606,304377,992.99,0.6182695,0.0,372,0.34258049726486206,80.24960587352817,-0.022648675,2,9509.188471078873,1.0831298
0.018224053,306425,992.99,0.468262,0.0,374,0.43627434968948364,80.56341972149785,-0.02622272,2,9567.393480300903,1.0895079
0.023090681,308893,989.46,0.80321413,0.0,377,0.6937541663646698,80.63057498008352,-0.03235715,3,9625.32029223442,1.0902863
0.014946324,310941,989.46,0.5621254,0.0,379,0.26949262619018555,80.8602132323154,-0.025175221,2,9681.657585144043,1.0899354
0.02036871,312989,989.46,0.5332824,0.0,381,0.3123970627784729,81.14323684335108,-0.029033476,2,9738.095449209213,1.0877092
0.014364059,315037,993.2,0.51800853,0.0,383,0.3526049852371216,81.96701182702536,-0.02663716,2,9794.282002210617,1.0949632
0.019381419,317085,999.06,0.62588155,0.0,385,0.2720727324485779,83.12877254848883,-0.02371179,2,9850.37249827385,1.0779
0.027349714,319133,999.06,0.5907113,0.0,387,0.4347958564758301,83.2633339017289,-0.029308397,2,9906.713897943497,1.0610223
0.015962627,321181,999.06,0.6205435,0.0,389,0.3050420880317688,83.56201492897182,-0.02603514,2,9962.955641031265,1.0421141
0.011664276,323229,1006.49,0.62814105,0.0,391,0.3888595700263977,84.61344058371162,-0.023254922,2,10019.414110183716,1.0414921
0.014085712,325277,1006.49,0.63249797,0.0,393,0.3535726070404053,84.85575379876126,-0.020409388,2,10076.391408205032,1.0470068
0.012185853,327325,1006.49,0.6403922,0.0,395,0.3662923574447632,85.15893127942343,-0.021686051,2,10132.748064994812,1.0425836
0.01642603,329373,1006.49,0.47597143,0.0,397,0.4022563695907593,85.35857902155578,-0.025207022,2,10189.206821203232,1.0587026
0.012925266,331340,1005.68,0.49087402,0.0,399,0.7254849374294281,85.24417030756722,-0.028958702,2,10245.990308046341,1.0632749
0.024710493,333388,1005.68,0.6849731,0.0,401,0.3206252455711365,85.43256731201426,-0.026791349,2,10302.247051000595,1.0532932
0.016169162,335348,1004.8,0.40514442,0.0,403,0.660654217004776,85.35630267916856,-0.031281866,2,10358.981342315674,1.0605836
0.016061543,337396,1004.8,0.65566033,0.0,405,0.42355531454086304,85.7542169273893,-0.020804172,2,10416.157248020172,1.0592767
0.015467456,339444,1004.8,0.6568238,0.0,407,0.2952805161476135,85.88792496848484,-0.027322838,2,10472.392446994781,1.0503249
0.011478933,341492,1004.8,0.61261976,0.0,409,0.38064485788345337,86.0137216882309,-0.025515871,2,10529.309254169464,1.0641656
0.026360473,343540,1004.8,0.63587254,0.0,411,0.288446843624115,86.23746063437784,-0.02084205,2,10585.971272230148,1.0871812
0.013509021,345588,1004.8,0.69710314,0.0,413,0.43004053831100464,86.37850992452528,-0.025300339,2,10642.792932033539,1.0906694
0.014685897,347218,1000.62,0.36731222,0.0,415,0.6549596786499023,85.92019644147571,-0.024394952,2,10699.337141990662,1.0913043
0.0181303,349266,1008.4,0.628212,0.0,417,0.3621891736984253,87.21620224651622,-0.021511717,2,10755.891652107239,1.095228
0.014787964,351314,1008.4,0.595988,0.0,419,0.3632684350013733,87.40013580744743,-0.027148932,2,10811.742314100266,1.103073
0.017755652,353362,1008.4,0.6617408,0.0,421,0.3550105094909668,87.61705185553451,-0.02486527,2,10868.044923305511,1.1038508
0.017290812,355410,1008.4,0.64229804,0.0,423,0.3614322543144226,87.7341638532337,-0.026355289,2,10924.654328107834,1.0890346
0.013024965,357458,1008.4,0.6146124,0.0,425,0.36714136600494385,87.9420192959753,-0.026382897,2,10981.469914197922,1.0928501
0.014363309,359506,1008.4,0.68315536,0.0,427,0.40728217363357544,88.09323333234747,-0.026346961,2,11038.415924072266,1.0963694
0.018460609,361554,1008.4,0.39719528,0.0,429,0.48387980461120605,88.15168373654146,-0.027383689,2,11094.916886091232,1.1050948
0.01644948,363544,1009.59,0.46551117,0.0,431,0.7125464379787445,88.27094791593214,-0.031570874,2,11152.111087083817,1.1019248
0.017899923,365592,1009.59,0.6319196,0.0,433,0.34958523511886597,88.43752592951307,-0.028812315,2,11209.337665081024,1.0877193
0.017401677,367640,1009.59,0.638177,0.0,435,0.34397995471954346,88.53316169718664,-0.026202898,2,11265.67921423912,1.086714
0.01956841,369688,1009.59,0.601995,0.0,437,0.411568284034729,88.7167414490066,-0.023416648,2,11322.141112089157,1.0825957
0.024135124,371736,1009.59,0.66844237,0.0,439,0.31244009733200073,88.92612134328402,-0.026000323,2,11379.006060123444,1.0747324
0.015267502,373784,1009.59,0.6609245,0.0,441,0.3823355436325073,89.07582466792894,-0.0225963,2,11434.895368337631,1.0915297
0.008836066,375832,1009.59,0.39470634,0.0,443,0.5646349191665649,89.224069043939,-0.023635367,2,11492.837495088577,1.1059202
0.016139064,377880,1009.59,0.6461143,0.0,445,0.38264816999435425,89.34419823397693,-0.021444345,2,11549.75320315361,1.1128879
0.013876061,379928,1009.59,0.7285504,0.0,447,0.613591343164444,89.46449504913022,-0.026958866,2,11606.184298992157,1.1230074
0.022160305,381976,1009.59,0.42657948,0.0,449,0.44497382640838623,89.34313268293941,-0.02886743,2,11662.395640134811,1.1317714
0.020917928,384024,1009.59,0.6478947,0.0,451,0.2265651822090149,89.50890256544847,-0.031622946,2,11718.681400060654,1.1245275
0.018364009,386072,1009.59,0.66566443,0.0,453,0.3519822955131531,89.70585712009752,-0.021900473,2,11775.23379611969,1.137958
0.022436213,388120,1009.59,0.59986466,0.0,455,0.3930707573890686,89.87830209839167,-0.0206648,2,11831.451799154282,1.1356871
0.017562943,390168,1009.59,0.68339455,0.0,457,0.32877981662750244,89.96206264362722,-0.02354372,2,11887.51462507248,1.1406616
0.016933354,392216,1009.59,0.64882076,0.0,459,0.33031702041625977,90.31538222489161,-0.024727305,2,11944.597704172134,1.1468776
0.016114872,394892,1005.63,0.7744611,0.0,462,0.5247734189033508,89.89791403254975,-0.0286172,3,12001.848667144775,1.1577913
0.019330978,396940,1005.63,0.66395897,0.0,464,0.35622870922088623,89.99781684653576,-0.02235806,2,12058.019663095474,1.1526886
0.017452318,398988,1005.63,0.6030784,0.0,466,0.3585330843925476,90.02803095183008,-0.023207404,2,12114.570481300354,1.1603699
0.01972544,401036,1005.63,0.68075556,0.0,468,0.3406807780265808,90.05500061128427,-0.021307493,2,12171.545018196106,1.1595265
0.01774829,403084,1007.55,0.7827982,0.0,470,0.6215214431285858,90.28167174700924,-0.02831697,2,12228.164683103561,1.1571678
0.0122337695,405132,1007.55,0.6527681,0.0,472,0.3128772974014282,90.3079870817303,-0.02186226,2,12285.050150156021,1.1664964
0.013714666,406795,1003.7,0.4093298,0.0,474,0.751275360584259,89.76744141528472,-0.032381315,2,12341.90440607071,1.1652848
0.017356237,408843,1009.74,0.647002,0.0,476,0.2826974391937256,90.59466279796537,-0.024406008,2,12398.456974029541,1.182068
0.03887718,410891,1009.74,0.67700136,0.0,478,0.18626511096954346,90.63340449296676,-0.024989303,2,12455.452486276627,1.1656262
0.013811985,412939,1009.74,0.67492145,0.0,480,0.42506784200668335,90.49392932423352,-0.030034224,2,12511.991513252258,1.1831156
0.020075582,414987,1009.74,0.6496597,0.0,482,0.2999330759048462,90.51372243601308,-0.025353197,2,12568.686881065369,1.1937548
0.014757362,417035,1009.74,0.65904117,0.0,484,0.29797041416168213,90.51149378818317,-0.022416998,2,12625.43300819397,1.1959151
0.014203929,419083,1009.74,0.6402946,0.0,486,0.3765376806259155,90.47851721480953,-0.022801898,2,12681.952562332153,1.2107047
0.016336925,421131,1009.74,0.6489529,0.0,488,0.4863319396972656,90.44742587502941,-0.027631592,2,12738.96123623848,1.2159896
0.030123426,423179,1009.74,0.53661,0.0,490,0.35100334882736206,90.50477245235702,-0.024822382,2,12795.760298013687,1.2216641
0.011266525,425227,1009.74,0.6197146,0.0,492,0.37443333864212036,90.48981632077499,-0.019836638,2,12852.250158071518,1.2414603
0.015180174,427737,1004.12,0.721217,0.0,495,0.5406911075115204,89.73534293368701,-0.030771568,3,12909.517143011093,1.2593654
0.016221363,429785,1004.12,0.6445966,0.0,497,0.3519774079322815,89.80492266296605,-0.022074653,2,12965.456243991852,1.2486687
0.015480974,431833,1004.93,0.64594215,0.0,499,0.3383762836456299,90.1167618880504,-0.023516376,2,13021.513752222061,1.2482682
0.01517592,433881,1004.93,0.66075516,0.0,501,0.32314491271972656,90.20229828908627,-0.021708284,2,13077.81031703949,1.2613132
0.01737597,435929,1005.81,0.63364404,0.0,503,0.35137826204299927,90.54382980109158,-0.01835271,2,13134.318152189255,1.270925
0.011190565,437977,1005.81,0.6483382,0.0,505,0.3663310408592224,90.5400011443644,-0.023112806,2,13190.332257986069,1.2804335
0.012701931,440025,1005.81,0.63238776,0.0,507,0.3638838529586792,90.56396343413698,-0.018466089,2,13246.543715238571,1.2814671
0.013901807,442073,1005.81,0.5882731,0.0,509,0.36024224758148193,90.68455224127909,-0.02651481,2,13303.076083183289,1.2733577
0.034585156,444121,1005.81,0.5522066,0.0,511,0.35867005586624146,90.75933675218008,-0.027693763,2,13359.435465335846,1.2514381
0.014314816,446169,1005.81,0.61443967,0.0,513,0.3518804907798767,90.85029678783752,-0.024696063,2,13415.74762415886,1.2488974
0.012964183,448217,1009.99,0.6239049,0.0,515,0.39119142293930054,91.53888649620993,-0.027455438,2,13472.864377260208,1.2486609
0.013082489,450265,1009.99,0.636668,0.0,517,0.3499547243118286,91.48071174995908,-0.02481468,2,13529.13258433342,1.2612557
0.017895637,452313,1009.99,0.65664506,0.0,519,0.3344244956970215,91.52182993630078,-0.022613892,2,13585.836804151535,1.2566936
0.012484806,454361,1009.99,0.6121997,0.0,521,0.4011848568916321,91.49461198092045,-0.024266494,2,13641.757625102997,1.268518
0.015088256,456409,1009.99,0.64075714,0.0,523,0.373477041721344,91.5417295333048,-0.024633596,2,13698.528698205948,1.2734771
0.019480454,458457,1009.99,0.60303533,0.0,525,0.3611583113670349,91.65649683957663,-0.02306381,2,13755.748703956604,1.27515
0.018528972,460505,1009.99,0.68187785,0.0,527,0.3592836260795593,91.65985526527069,-0.023267852,2,13811.441024065018,1.269239
0.013996468,462553,1009.99,0.683371,0.0,529,0.38996922969818115,91.76390506175028,-0.020124359,2,13872.800633192062,1.2948813
0.011774638,464601,1010.57,0.62138575,0.0,531,0.38241046667099,92.12430811450376,-0.020301215,2,13927.503197193146,1.3069711
0.013063227,466649,1010.57,0.69318926,0.0,533,0.36602091789245605,92.1620874619579,-0.026429594,2,13982.042201042175,1.2951053
0.016639138,468697,1010.57,0.6658803,0.0,535,0.39301228523254395,92.20128506811658,-0.019684397,2,14036.42628622055,1.2948033
0.015663283,470745,1010.57,0.7096236,0.0,537,0.4341251254081726,92.14415397223559,-0.025727227,2,14090.808333158493,1.3021358
0.016460547,472793,1010.57,0.69189495,0.0,539,0.38271987438201904,92.13641099095172,-0.023017345,2,14145.739978075027,1.3053015
0.013223338,474841,1010.57,0.48703688,0.0,541,0.5017974376678467,92.10978368924724,-0.027636228,2,14202.814856290817,1.3128382
0.012331287,476889,1010.57,0.6146247,0.0,543,0.3449578881263733,92.20151361460526,-0.023793818,2,14261.93933725357,1.3241895
0.019157995,478937,1010.57,0.6402617,0.0,545,0.2744142413139343,92.25246299129971,-0.027834421,2,14321.83362030983,1.3073612
0.01449932,480985,1010.57,0.658819,0.0,547,0.3837851285934448,92.08756703499837,-0.027285617,2,14382.962718963623,1.2983326
0.010890231,483033,1010.57,0.451576,0.0,549,0.5526493787765503,92.21902546548985,-0.026648818,2,14447.69502210617,1.3080989
0.015930105,485081,1010.57,0.6756996,0.0,551,0.3235803246498108,92.21274364549096,-0.025831183,2,14514.373905181885,1.3033832
0.01565432,487129,1010.57,0.60093653,0.0,553,0.3495655059814453,92.1840403883643,-0.02535126,2,14574.379909276962,1.2862891
0.013056689,489177,1010.57,0.61830443,0.0,555,0.33473479747772217,92.21689608130862,-0.024893032,2,14632.283561944962,1.2726558
0.016360134,491225,1010.57,0.62077713,0.0,557,0.32829874753952026,92.28390674547727,-0.025050316,2,14690.961136102676,1.2696112
0.016217228,493273,1010.57,0.63396686,0.0,559,0.38712000846862793,92.34978915169019,-0.024563938,2,14748.464403152466,1.2751262
0.018228836,495321,1014.53,0.5964097,0.0,561,0.3965141177177429,92.98879478452324,-0.022981163,2,14806.622997045517,1.2761229
0.012228931,497369,1014.53,0.7434849,0.0,563,0.4427776336669922,92.92137157313347,-0.0254525,2,14864.187530040741,1.2819444
0.018275963,499417,1014.53,0.41781765,0.0,565,0.5754949152469635,92.92328137041788,-0.02545817,2,14921.931752204895,1.2837539
0.01087957,501026,1010.14,0.45048133,0.0,567,0.8245419561862946,92.34842246171495,-0.024230432,2,14979.935652256012,1.2903152
0.017600713,503074,1010.14,0.75272053,0.0,569,0.5345969796180725,92.39421972005846,-0.029730972,2,15035.930532217026,1.293663
0.012214176,504917,1008.09,0.37290892,0.0,571,0.8243993669748306,92.26502823157821,-0.027741268,2,15092.927207231522,1.2828064
0.014598068,507807,1010.12,0.8770595,0.0,574,0.8301766812801361,92.62637984398721,-0.026471702,3,15152.740435361862,1.286911
0.019091152,509586,1007.43,0.45693502,0.0,576,0.8523251265287399,92.25711313093278,-0.028803337,2,15208.648904323578,1.2883834
0.015763467,511634,1007.43,0.7073517,0.0,578,0.23607134819030762,92.36162987741845,-0.027656253,2,15263.40613913536,1.2682481
0.015047822,513682,1007.43,0.6865077,0.0,580,0.3825826644897461,92.62838126674379,-0.02245582,2,15318.582180261612,1.2701606
0.013633755,515730,1007.43,0.70646983,0.0,582,0.36743491888046265,92.68247082085605,-0.024591412,2,15373.324682950974,1.2717452
0.011653392,517778,1007.43,0.694989,0.0,584,0.3951972723007202,92.70926365947236,-0.021558493,2,15429.483170032501,1.2879108
0.015828826,519826,1007.43,0.6734761,0.0,586,0.4006010890007019,92.85150763464316,-0.021321006,2,15484.71375823021,1.2978059
0.015031952,521874,1007.43,0.6883722,0.0,588,0.3735002875328064,93.11880498133546,-0.025142493,2,15539.575317144394,1.2979038
0.011398068,523922,1007.43,0.67180645,0.0,590,0.5494687259197235,93.0349560015636,-0.029713243,2,15594.749633073807,1.2927195
0.014540036,525970,1007.43,0.6769719,0.0,592,0.3857790231704712,93.09405257217992,-0.023302445,2,15656.409998178482,1.304001
0.014382688,528018,1007.43,0.68361807,0.0,594,0.3358421325683594,93.18643267967151,-0.022111863,2,15714.824953079224,1.3106347
0.014223357,529887,1011.26,0.44241965,0.0,596,0.7150789499282837,93.6914934963464,-0.026467364,2,15770.612391233444,1.3182119
0.012975664,531935,1011.26,0.8591226,0.0,598,0.6368756592273712,93.5723094183099,-0.027192157,2,15828.86557006836,1.3172874
0.013709938,533983,1011.26,0.5719239,0.0,600,0.37773841619491577,93.6760169877501,-0.023389537,2,15885.682840108871,1.3317374
0.017050605,536031,1011.26,0.7006759,0.0,602,0.3401638865470886,93.7226333742474,-0.023914624,2,15942.421941041946,1.330855
0.014628167,538079,1011.26,0.70487696,0.0,604,0.3862622380256653,93.79977189395608,-0.023575006,2,16002.991199970245,1.3225442
0.018392991,540127,1011.26,0.6465475,0.0,606,0.4269944429397583,93.85470686737168,-0.019442622,2,16068.516068220139,1.3305625
0.013698159,542175,1011.26,0.61342764,0.0,608,0.43850088119506836,93.90655200572037,-0.025460683,2,16134.459557294846,1.3230729
0.01736199,544223,1011.26,0.7943391,0.0,610,0.6348612606525421,93.95641865291958,-0.026131175,2,16200.076594114304,1.3330216
0.012809932,546459,1002.9,0.6201232,0.0,613,0.807484358549118,92.8426084069058,-0.026104614,3,16269.561957120895,1.3432249
0.010903107,548499,1002.82,0.4869238,0.0,615,0.8732374310493469,92.6311675310009,-0.028278101,2,16335.123739242554,1.3428496
0.016358811,550547,1002.82,0.69156367,0.0,617,0.3731827735900879,92.7933023282859,-0.024257764,2,16400.521898031235,1.3491977
0.012669385,552595,1002.82,0.48193938,0.0,619,0.8649124801158905,92.69185228079829,-0.026343873,2,16466.02820301056,1.3391418
0.014324379,554643,1002.82,0.89757144,0.0,621,0.8664954900741577,92.48892711726337,-0.031519234,2,16532.400422096252,1.3416914
0.016935216,556691,1002.82,0.6756332,0.0,623,0.31014519929885864,92.5003675315308,-0.028323807,2,16598.07507300377,1.3427225
0.014726985,558739,1002.82,0.69032633,0.0,625,0.34966862201690674,92.51146070901412,-0.0259252,2,16663.460442066193,1.3389355
0.011672185,560787,1002.82,0.65981936,0.0,627,0.4001957178115845,92.55130702495484,-0.021741007,2,16730.885902166367,1.3597082
0.016847374,562835,1002.82,0.7079387,0.0,629,0.3960217833518982,92.61213225819073,-0.024434743,2,16790.933744192123,1.3661121
0.013043718,564883,1002.82,0.6850391,0.0,631,0.3986785411834717,92.6413313994693,-0.021986568,2,16856.29960513115,1.3792509
0.015395972,566931,1002.82,0.6383241,0.0,633,0.44069063663482666,92.6583881586509,-0.024371132,2,16921.69428706169,1.3836404
0.019381087,568979,1002.82,0.6148869,0.0,635,0.36581164598464966,92.69345438421922,-0.024879508,2,16986.992802143097,1.3874003
0.017838655,571027,1002.82,0.70965177,0.0,637,0.40071892738342285,92.83711767578859,-0.026286801,2,17052.885689258575,1.3762358
0.015571365,573075,1002.82,0.7037394,0.0,639,0.39470648765563965,92.8529306507686,-0.023209779,2,17118.89757514,1.3889352
0.012490902,574548,997.07,0.6270709,0.0,641,0.6784122586250305,91.89091588183827,-0.031575363,2,17177.670557260513,1.4002061
0.015286211,576596,997.07,0.67890686,0.0,643,0.39255088567733765,91.87734250456423,-0.023453653,2,17235.298931360245,1.4019114
0.012151846,578644,997.07,0.68207127,0.0,645,0.380908727645874,91.89392564690098,-0.021168018,2,17298.9974462986,1.4033316
0.013617489,580692,997.07,0.7221179,0.0,647,0.41265004873275757,92.11470711009306,-0.021988623,2,17364.392443180084,1.4202574
0.016140087,582740,997.07,0.6981061,0.0,649,0.3919168710708618,92.2130890476714,-0.025711494,2,17430.525661230087,1.4110961
0.01690487,584788,997.07,0.60595,0.0,651,0.36780786514282227,92.20976448516855,-0.025137195,2,17496.227389335632,1.4052135
0.01652911,586836,997.07,0.7272341,0.0,653,0.3415464162826538,92.29084780662104,-0.023685109,2,17562.207551002502,1.404987
0.014264918,588884,997.07,0.63964623,0.0,655,0.40526068210601807,92.31361502203586,-0.026000457,2,17628.449924230576,1.4022027
0.013570954,590932,997.07,0.7113728,0.0,657,0.3917474150657654,92.2743281454778,-0.024398137,2,17692.199000120163,1.4144481
0.017299375,592980,997.07,0.705354,0.0,659,0.45290929079055786,92.26285749001487,-0.022001637,2,17750.789093255997,1.4108886
0.014165962,595028,997.07,0.71868056,0.0,661,0.42769140005111694,92.27181252928227,-0.022306684,2,17809.92640519142,1.4095854
0.022230482,597076,997.07,0.4163622,0.0,663,0.541123241186142,92.35246267770403,-0.025799956,2,17870.967323303223,1.4039227
0.015595887,599124,997.07,0.7697328,0.0,665,0.3537275195121765,92.43402033258656,-0.025671227,2,17936.221922159195,1.4014868
0.01266835,601172,1001.46,0.71003157,0.0,667,0.4046657681465149,93.03597371951076,-0.022473246,2,18001.685661315918,1.4102478
0.012261566,603220,1001.46,0.6637336,0.0,669,0.45559966564178467,93.06347568659282,-0.022063803,2,18066.244865179062,1.42644
0.015238641,605268,1003.51,0.7344166,0.0,671,0.414575457572937,93.5198921231129,-0.02092007,2,18131.193609952927,1.4300282
0.020331088,607316,1005.33,0.7348767,0.0,673,0.3945012092590332,93.94176742794201,-0.021874534,2,18196.46755194664,1.4460819
0.015515721,609364,1005.33,0.74099463,0.0,675,0.4026790261268616,93.9782341334327,-0.02133528,2,18257.714916229248,1.4588099
0.011504876,611412,1008.02,0.6987837,0.0,677,0.5789688229560852,94.45017796962549,-0.030371344,2,18316.16884303093,1.4595145
0.013778095,613460,1008.02,0.39980194,0.0,679,0.7222073376178741,94.17822327757624,-0.02257253,2,18374.35335111618,1.4456753
0.017123964,615508,1008.02,0.73603755,0.0,681,0.39393138885498047,94.20957389186243,-0.021817312,2,18433.494955062866,1.4474262
0.014104347,617556,1008.02,0.80597514,0.0,683,0.49469470977783203,94.23024650823697,-0.027563516,2,18492.38549399376,1.4574671
0.01399136,619604,1008.02,0.5508476,0.0,685,0.7018948197364807,94.16927492934725,-0.024497911,2,18550.5525932312,1.4542693
0.015455813,621652,1008.02,0.74314463,0.0,687,0.3318074345588684,94.17711152047013,-0.02443649,2,18612.2017121315,1.4601033
0.013682443,624367,1004.45,0.77130866,0.0,690,0.5499892830848694,93.80114021283502,-0.030956982,3,18675.473057985306,1.4706697
0.013824719,626415,1004.45,0.7072885,0.0,692,0.3513526916503906,93.84241428624648,-0.023368737,2,18735.973264217377,1.4769278
0.012738437,628463,1004.45,0.68880475,0.0,694,0.3968338370323181,93.86404831470063,-0.01933214,2,18795.567949056625,1.4934797
0.011845908,630511,1006.24,0.70566815,0.0,696,0.35677802562713623,94.24924630425616,-0.022655442,2,18854.309383153915,1.5017347
0.013944682,632559,1006.24,0.7131766,0.0,698,0.3648170828819275,94.46304455916082,-0.024366947,2,18911.917546987534,1.5117683
0.012968216,634607,1006.24,0.7125943,0.0,700,0.3915746808052063,94.42735277310858,-0.023159254,2,18969.673721075058,1.528709
0.01268817,636655,1006.24,0.57328683,0.0,702,0.3614230155944824,94.38400865571404,-0.0290621,2,19027.27269911766,1.5264169
0.01574489,638703,1006.24,0.7157796,0.0,704,0.3444628119468689,94.47493311141318,-0.021441733,2,19085.180019140244,1.5248555
0.016423883,640751,1006.24,0.72053236,0.0,706,0.3830259442329407,94.53989090663063,-0.02210514,2,19143.7718000412,1.52956
0.01239302,642799,1006.24,0.68773735,0.0,708,0.35830599069595337,94.55603836693767,-0.025452234,2,19203.282508134842,1.5442209
0.011251574,644847,1006.24,0.6450484,0.0,710,0.39972591400146484,94.52638699772653,-0.024063269,2,19262.744537115097,1.5514868
0.013528602,646895,1014.6,0.70827156,0.0,712,0.3699064254760742,95.76672807913862,-0.024709178,2,19322.16707921028,1.5504874
0.00985806,648943,1014.68,0.69797355,0.0,714,0.38185232877731323,96.0564955106238,-0.023610145,2,19381.313917160034,1.5715854
0.014293351,650991,1014.68,0.7385555,0.0,716,0.4162834882736206,96.08484960475388,-0.02285363,2,19440.570134162903,1.5843365
0.015302129,653039,1014.68,0.73773223,0.0,718,0.3586922883987427,96.08159876464688,-0.024734568,2,19500.768082141876,1.5712712
0.010289613,655087,1014.68,0.63031036,0.0,720,0.3822225332260132,96.5068431343148,-0.020870399,2,19559.984082221985,1.5975188
0.012879958,657135,1014.68,0.7117502,0.0,722,0.3973824381828308,96.61884306213031,-0.024084024,2,19619.31570625305,1.5905951
0.012786216,659183,1014.68,0.7251868,0.0,724,0.38906919956207275,96.61562187686525,-0.027162421,2,19678.553592205048,1.5863504
0.010866122,661231,1014.68,0.733621,0.0,726,0.3659452795982361,96.65876772354778,-0.02383024,2,19741.18882417679,1.5827292
0.0115108015,663279,1014.68,0.75011265,0.0,728,0.39144277572631836,96.68857121708388,-0.019569715,2,19802.389324188232,1.5956646
0.013915697,665327,1014.68,0.7319066,0.0,730,0.3532830476760864,96.69675778015545,-0.02475451,2,19864.178868055344,1.5998659
0.012177309,667375,1014.68,0.55249655,0.0,732,0.35771167278289795,96.61631347908738,-0.028939974,2,19922.99521613121,1.6178094
0.009247986,669118,1011.63,0.53818357,0.0,734,0.47118109464645386,96.159731027798,-0.026206851,2,19990.52693414688,1.6084278
0.015677344,671166,1011.63,0.7587931,0.0,736,0.3696458339691162,96.2016636317868,-0.024572957,2,20053.124971151352,1.6003988
0.015875267,673214,1011.63,0.74685174,0.0,738,0.3876420855522156,96.19584652922248,-0.023041915,2,20115.974664211273,1.6066245
0.014104985,675262,1011.63,0.7000868,0.0,740,0.3953234553337097,96.43640971686112,-0.02061799,2,20175.672515153885,1.6139822
0.013603162,677310,1017.38,0.6511495,0.0,742,0.3552224040031433,97.37262244099719,-0.022582453,2,20236.801722049713,1.6249876
0.011486727,679891,1012.47,0.7128963,0.0,745,0.4036727547645569,96.81606508436067,-0.027682781,3,20294.305613040924,1.6439093
0.012586132,681939,1012.47,0.74271816,0.0,747,0.3759692907333374,96.80137756785349,-0.023836717,2,20352.988784074783,1.6435893
0.01134763,683987,1012.47,0.7501805,0.0,749,0.34656012058258057,96.84031257289027,-0.024920767,2,20411.01536822319,1.6496838
0.018741444,686035,1012.47,0.71266156,0.0,751,0.38878220319747925,96.94008042422645,-0.022172978,2,20468.396349191666,1.6567382
0.012966001,688083,1012.47,0.719055,0.0,753,0.3591248393058777,96.98008457578358,-0.017864944,2,20527.140869140625,1.6746981
0.011236594,690131,1012.47,0.68273854,0.0,755,0.35954320430755615,97.00890935660858,-0.024674045,2,20586.533195972443,1.6574659
0.011546334,692179,1012.47,0.74047506,0.0,757,0.361627459526062,97.09218436212727,-0.02129213,2,20645.728354215622,1.6488951
0.012530098,694227,1012.47,0.729272,0.0,759,0.38164860010147095,97.11141686612415,-0.023322813,2,20704.728821992874,1.6419058
0.016707378,696275,1012.47,0.72842205,0.0,761,0.35256826877593994,97.13725462745391,-0.018674947,2,20769.050864219666,1.6445799
0.007905512,697716,1006.4,0.45334402,0.0,763,0.509404867887497,96.45247379033619,-0.026368419,2,20832.03205704689,1.6635503
0.015467006,699764,1006.4,0.7125415,0.0,765,0.3428317904472351,96.480257841757,-0.020470427,2,20889.854640245438,1.6786205
0.015946174,701812,1006.4,0.74256194,0.0,767,0.31866317987442017,96.5746750730359,-0.016901093,2,20947.720313072205,1.6808499
0.014329441,703860,1006.4,0.70876664,0.0,769,0.381467342376709,96.58286569709907,-0.02262491,2,21005.532687187195,1.6777729
0.014349537,705908,1006.4,0.7147129,0.0,771,0.3467360734939575,96.60044541762905,-0.022691188,2,21063.45967721939,1.6828167
0.012969379,707956,1006.4,0.7159107,0.0,773,0.36949944496154785,96.64112766621358,-0.022814516,2,21121.026438236237,1.6932994
0.011280327,710004,1006.4,0.7336846,0.0,775,0.37061649560928345,96.65643618394056,-0.021564217,2,21180.43030810356,1.7110978
0.011427749,712052,1006.4,0.7650304,0.0,777,0.45071232318878174,96.60748056746162,-0.024863832,2,21240.462409973145,1.7217225
0.010444524,714100,1006.4,0.73697686,0.0,779,0.34132903814315796,96.94915091884872,-0.020227715,2,21301.961304187775,1.7428695
0.01034116,716148,1006.4,0.6916746,0.0,781,0.39976829290390015,96.9913745124946,-0.022489073,2,21367.79490828514,1.7610475
0.014877806,718196,1006.4,0.47295085,0.0,783,0.6402705013751984,96.86696642080533,-0.029561019,2,21429.466655015945,1.7531577
0.014715835,720244,1006.4,0.6125259,0.0,785,0.49362343549728394,96.98969106075037,-0.024905676,2,21488.323471069336,1.7435333
0.013577726,722292,1006.4,0.739076,0.0,787,0.37149477005004883,97.02803846671635,-0.023595328,2,21547.476558208466,1.7335092
0.013311221,724340,1009.97,0.7818148,0.0,789,0.45024049282073975,97.64303331152644,-0.01706101,2,21609.21592116356,1.75481
0.010744038,726388,1009.97,0.7457417,0.0,791,0.41888463497161865,97.63757874941427,-0.02202804,2,21667.556868076324,1.7406604
0.012779131,728436,1009.97,0.7631502,0.0,793,0.4128074645996094,97.67824481456897,-0.020158224,2,21726.588910102844,1.7645844
0.009331951,730484,1009.97,0.73416173,0.0,795,0.40490251779556274,97.6797511441929,-0.022478517,2,21786.526760339737,1.7670125
0.014715742,732532,1009.97,0.75797856,0.0,797,0.379966139793396,97.74130089333495,-0.020224303,2,21843.594865322113,1.7689935
0.011787239,734580,1009.97,0.72470057,0.0,799,0.41558921337127686,97.76996275685482,-0.024430547,2,21900.171335220337,1.759015
0.013540532,736628,1009.97,0.74871254,0.0,801,0.42017030715942383,97.90135762472796,-0.021953765,2,21957.886543273926,1.7592204
0.016409885,738676,1009.97,0.7344552,0.0,803,0.4269735813140869,97.90257560984607,-0.023173306,2,22015.554051160812,1.7630032
0.010799672,740724,1009.97,0.73963666,0.0,805,0.40694093704223633,97.9305148791155,-0.021638857,2,22072.749569177628,1.7719356
0.010841983,742772,1009.97,0.7497792,0.0,807,0.41014719009399414,97.99532399422444,-0.02130412,2,22129.619113206863,1.7798196
0.010511748,744820,1009.97,0.74236673,0.0,809,0.42804408073425293,98.05193025110287,-0.021358835,2,22188.551076173782,1.778594
0.015563519,746868,1009.97,0.70136017,0.0,811,0.3515588641166687,98.12918978188465,-0.02253809,2,22247.305990219116,1.7768403
0.008395707,749446,1005.03,0.61610645,0.0,814,0.4681437015533447,97.2761443325686,-0.0263974,3,22307.43330025673,1.790555
0.012273893,751494,1005.03,0.75406396,0.0,816,0.37397849559783936,97.29385773218962,-0.023046184,2,22366.740715026855,1.7988595
0.011500898,753542,1005.03,0.74121374,0.0,818,0.38849693536758423,97.3658779759444,-0.02292541,2,22425.144689321518,1.7998698
0.010941467,755590,1005.03,0.70015407,0.0,820,0.35286569595336914,97.42036110996561,-0.021866491,2,22483.835828065872,1.799839
0.011432329,757638,1005.03,0.75324357,0.0,822,0.3557029366493225,97.47630375788601,-0.026198942,2,22542.242371082306,1.8025085
0.012871108,759686,1005.03,0.75138855,0.0,824,0.41485869884490967,97.56063343348602,-0.023667317,2,22600.85081601143,1.8076516
0.0104134,761734,1005.03,0.7585384,0.0,826,0.3966238498687744,97.69209574155647,-0.020860003,2,22659.580545186996,1.8125684
0.012223079,763782,1005.03,0.7762735,0.0,828,0.3843610882759094,97.75052938895047,-0.020593897,2,22718.076065063477,1.8105204
0.0150807565,765830,1005.03,0.7332858,0.0,830,0.40497225522994995,97.7901246313347,-0.026630588,2,22776.428884267807,1.8069113
0.01843502,767878,1005.03,0.7778161,0.0,832,0.3550008535385132,97.96928652766381,-0.021626046,2,22835.219726085663,1.8062743
0.016838754,769926,1008.08,0.7827578,0.0,834,0.4252346158027649,98.56963254631846,-0.022890283,2,22893.631894111633,1.8027685
0.013688465,771607,1004.41,0.5792158,0.0,836,0.46611785888671875,97.993462634123,-0.0287303,2,22953.02574110031,1.8334092
0.0099421,773655,1004.41,0.7666489,0.0,838,0.4062473177909851,98.13338916672575,-0.0204743,2,23011.996702194214,1.8285521
0.014770969,775703,1004.41,0.54425097,0.0,840,0.42098933458328247,98.2164702230862,-0.026695928,2,23070.936650037766,1.8243369
0.013058568,777751,1004.41,0.7742305,0.0,842,0.3956984281539917,98.26921158003454,-0.02435367,2,23129.423280239105,1.8272982
0.014171387,779799,1004.41,0.79668784,0.0,844,0.4124230146408081,98.19693421549002,-0.022578508,2,23188.356141090393,1.8543203
0.007880956,781847,1009.32,0.7404567,0.0,846,0.42759549617767334,98.8853170547308,-0.025062934,2,23246.696276187897,1.8401859
0.011356855,783895,1009.32,0.7559221,0.0,848,0.3688430190086365,98.94014912302615,-0.025412505,2,23305.460930109024,1.836571
0.010693103,785943,1009.32,0.472491,0.0,850,0.48557430505752563,98.96916671653572,-0.026815342,2,23364.398306131363,1.840413
0.012291596,787991,1009.32,0.78220755,0.0,852,0.38562923669815063,98.99309858197748,-0.022200115,2,23423.222659111023,1.8471994
0.010699615,790039,1009.32,0.75159556,0.0,854,0.39499616622924805,98.99198089860855,-0.02069231,2,23481.60564303398,1.855007
0.0130319055,792087,1009.32,0.7508122,0.0,856,0.4491284489631653,99.03037458349641,-0.021306872,2,23539.58221721649,1.8679084
0.0146905165,794135,1009.32,0.7700123,0.0,858,0.4021229147911072,99.01651098781167,-0.02318414,2,23598.064945220947,1.8726912
0.0132719055,796183,1009.32,0.8227557,0.0,860,0.3861224055290222,99.0085785422964,-0.029028002,2,23657.44144320488,1.8673667
0.00898661,798011,1013.19,0.4654051,0.0,862,0.5924525856971741,99.36051850599114,-0.02700347,2,23716.04163622856,1.8828199
0.013763248,799902,1011.62,0.55092144,0.0,864,0.7768548280000687,98.9951929690712,-0.02680414,2,23774.760109186172,1.857978
0.011630069,802756,1009.44,0.87153757,0.0,867,0.708211213350296,98.60796628222191,-0.02865103,3,23833.943823099136,1.854645
0.011631495,804804,1009.44,0.69044524,0.0,869,0.31824958324432373,98.64661117947078,-0.023424977,2,23892.31601214409,1.8370208
0.015232385,806852,1009.44,0.76898116,0.0,871,0.2726472020149231,98.66096903777408,-0.025733218,2,23950.694840192795,1.845626
0.01063624,808900,1009.44,0.7561711,0.0,873,0.3484543561935425,98.66525276732746,-0.020482292,2,24009.10570526123,1.8527154
0.011280016,810948,1009.44,0.7158983,0.0,875,0.3644585609436035,98.71480734031229,-0.022383953,2,24067.80949306488,1.8438632
0.009067447,812735,1006.83,0.5522017,0.0,877,0.5856029093265533,98.40719599914854,-0.02802552,2,24127.095472097397,1.853322
0.008902983,814489,1003.89,0.51905197,0.0,879,0.7919844686985016,97.87885154177977,-0.026621,2,24185.74215722084,1.86887
0.012498334,816537,1003.89,0.99272853,0.0,881,0.6405135989189148,97.81335408058703,-0.027043685,2,24244.30576324463,1.8693877
0.011523673,818585,1003.89,0.7193578,0.0,883,0.3690935969352722,98.00833074965026,-0.023744069,2,24302.140304088593,1.8636892
0.014435791,820633,1003.89,0.858474,0.0,885,0.3913688063621521,98.06919740558817,-0.028121399,2,24360.508359193802,1.8614043
0.010616746,822350,1000.58,0.71062183,0.0,887,0.6814407408237457,97.54330491267041,-0.025114171,2,24419.176908016205,1.8598318
0.013359513,824398,1000.58,0.83195066,0.0,889,0.37056344747543335,97.56724297782316,-0.023904484,2,24477.362642288208,1.8569372
0.010434507,826446,1000.58,0.57984483,0.0,891,0.5157558619976044,97.54925850523165,-0.023705743,2,24535.73984527588,1.8704673
0.00977321,828494,1000.58,0.79102224,0.0,893,0.27804791927337646,97.60921451149385,-0.021039207,2,24594.003153324127,1.8750079
0.012719144,830542,1000.58,0.75463444,0.0,895,0.39316481351852417,97.6835898148295,-0.023342408,2,24652.607540130615,1.866746
0.011553007,832590,1000.58,0.7672332,0.0,897,0.3855327367782593,97.71347274769012,-0.021317024,2,24711.133751153946,1.8862336
0.015185282,834638,1000.58,0.77450275,0.0,899,0.3792998194694519,97.73840982656057,-0.021425162,2,24769.214014291763,1.9046202
0.015618096,836686,1000.58,0.770845,0.0,901,0.39375489950180054,97.81188444767044,-0.024442406,2,24827.89921617508,1.899845
0.012168312,838734,1000.58,0.7747511,0.0,903,0.3975362777709961,97.83528765755558,-0.023265688,2,24886.49140024185,1.904515
0.0069638467,840782,1000.58,0.7636666,0.0,905,0.3844321370124817,97.89957103499637,-0.02117073,2,24945.082225322723,1.9097441
0.007740611,842830,1000.58,0.76282597,0.0,907,0.3461357355117798,97.90270998436976,-0.02171837,2,25003.45450425148,1.9136858
0.012336133,844878,1000.58,0.76926166,0.0,909,0.3790070414543152,97.93622241322969,-0.017987048,2,25061.568799972534,1.9208269
0.0065385285,847250,995.95,0.92717636,0.0,912,0.44138795137405396,97.5518180800381,-0.027556637,3,25121.294342279434,1.917259
0.013400199,849298,998.52,0.70849276,0.0,914,0.3754050135612488,97.98390176392766,-0.020480309,2,25179.149541139603,1.9325988
0.011449301,851346,998.52,0.70817524,0.0,916,0.3867424726486206,97.96489828940511,-0.025174916,2,25237.668518304825,1.9365004
0.010330224,853394,998.52,0.734915,0.0,918,0.3503151535987854,97.96302952947408,-0.01901875,2,25296.041080236435,1.9439008
0.015636805,855442,998.52,0.7558345,0.0,920,0.336894690990448,98.00420947780029,-0.020553716,2,25354.344843149185,1.9579736
0.009049497,857490,998.52,0.68065715,0.0,922,0.386102557182312,97.98472984902033,-0.021947332,2,25412.650697231293,1.9671104
0.013381195,859538,998.52,0.76494455,0.0,924,0.39500391483306885,97.96759542394231,-0.021096386,2,25470.86380815506,1.9835234
0.010361557,861586,998.52,0.7434432,0.0,926,0.3667781949043274,97.91638057084447,-0.020932674,2,25529.302452087402,2.000931
0.012828318,863634,998.52,0.7810612,0.0,928,0.3922496438026428,97.96407676373603,-0.019756416,2,25587.700293064117,2.0034492
0.008608958,865682,998.52,0.7292812,0.0,930,0.42703866958618164,98.01214622939978,-0.02515589,2,25646.032017230988,1.9986258
0.008889667,867730,998.52,0.5999832,0.0,932,0.4006826877593994,97.97162855282986,-0.023547977,2,25704.19005894661,2.008069
0.008952563,869629,997.03,0.6624129,0.0,934,0.3894084095954895,97.57211341843517,-0.028659593,2,25762.708680152893,2.014533
0.010199748,871677,1000.7,0.8287496,0.0,936,0.3425993323326111,98.19043227763385,-0.025821293,2,25821.28170800209,2.0013921
0.007534367,873606,999.51,0.69033325,0.0,938,0.6265964508056641,97.7961028589982,-0.022935003,2,25880.21599626541,2.0055552
0.010816626,875654,999.51,0.7911447,0.0,940,0.41716086864471436,97.84249897272332,-0.020678554,2,25938.705414295197,2.0308268
0.011305888,877702,999.51,0.7254508,0.0,942,0.4552696943283081,97.85199219793826,-0.024266813,2,25997.16876912117,2.0263596
0.009063752,879750,999.51,0.78419465,0.0,944,0.4011828303337097,98.008578009345,-0.019134566,2,26055.422985315323,2.0324621
0.010945399,881798,999.51,0.86184835,0.0,946,0.434389591217041,98.00098014954892,-0.026521925,2,26113.914186000824,2.008919
0.008002189,883846,999.51,0.78720266,0.0,948,0.3882090449333191,98.07838354013995,-0.023640832,2,26172.47291636467,1.9920579
0.00886237,885894,999.51,0.78119594,0.0,950,0.35109031200408936,98.11400434170419,-0.023233794,2,26230.574906110764,1.9885137
0.009612772,887942,999.51,0.673919,0.0,952,0.3522152900695801,98.14617159249603,-0.020461285,2,26288.797528028488,1.9938544
0.014477661,889990,999.51,0.78965795,0.0,954,0.3250686526298523,98.2198095064475,-0.023637619,2,26347.383646965027,1.9801863
0.01025855,892038,999.51,0.7946093,0.0,956,0.3956448435783386,98.25645030803024,-0.015112363,2,26405.652732133865,1.9973525
0.013747566,894086,999.51,0.7427721,0.0,958,0.35014474391937256,98.34951552528884,-0.02122552,2,26463.487332105637,1.9918672
0.00813138,896134,999.51,0.7018978,0.0,960,0.3712384104728699,98.42734421317415,-0.020260772,2,26522.050075292587,1.9999917
0.008590703,898728,996.93,0.96899515,0.0,963,0.4347500205039978,98.12599326168454,-0.029124841,3,26582.119398117065,1.9969977
0.008070711,900282,993.56,0.5585292,0.0,965,0.6643492877483368,97.88531693826572,-0.026876613,2,26641.151324272156,2.0125206
0.009224665,902330,995.74,0.808479,0.0,967,0.37346160411834717,98.34210529040094,-0.01949122,2,26699.807208299637,2.0168676
0.010481316,904234,994.3,0.6560519,0.0,969,0.733853816986084,98.1281113929774,-0.024569312,2,26758.118688106537,2.0237772
0.016745193,906282,994.3,0.8326113,0.0,971,0.2549741864204407,98.1924201787609,-0.023779772,2,26816.430603027344,2.0126772
0.008649417,908330,994.3,0.77151257,0.0,973,0.3820652961730957,98.19561509782699,-0.020348359,2,26874.412650108337,2.004012
0.012453211,910378,994.3,0.8040639,0.0,975,0.39207810163497925,98.16926910220913,-0.023295939,2,26933.324928045273,2.0079222
0.009823005,912426,996.91,0.7917033,0.0,977,0.42414939403533936,98.52396606646998,-0.024945375,2,26991.494821071625,2.019646
0.012448853,914474,999.85,0.78178287,0.0,979,0.34138166904449463,99.11749097968415,-0.02002772,2,27049.875457048416,2.0378568
0.008780489,917016,994.55,0.94870186,0.0,982,0.5013772547245026,98.55371255225761,-0.025880093,3,27110.34016108513,2.0581589
0.007834635,919064,994.55,0.7781099,0.0,984,0.372628390789032,98.59164972993818,-0.02073708,2,27169.02632331848,2.0697513
0.008924024,921112,997.86,0.5898019,0.0,986,0.5779368281364441,99.10257877131495,-0.023125447,2,27227.448761224747,2.050884
0.010629171,923160,997.86,0.717867,0.0,988,0.42566096782684326,99.20637587942352,-0.026391558,2,27285.97023320198,2.058772
0.012068328,925208,997.86,0.850452,0.0,990,0.40946727991104126,99.32987698757773,-0.021523327,2,27344.266290187836,2.0560713
0.011095358,927256,997.86,0.82974076,0.0,992,0.43660968542099,99.40901695937134,-0.019770745,2,27402.409264087677,2.0607188
0.0072638844,929304,997.86,0.8279543,0.0,994,0.4933091402053833,99.34417372264065,-0.025826052,2,27460.780652999878,2.0580683
0.011559834,931352,997.86,0.80950516,0.0,996,0.4559336304664612,99.34290314991625,-0.025396252,2,27518.682631254196,2.0588148
0.013607281,933400,997.86,0.83029217,0.0,998,0.3935370445251465,99.39050306649318,-0.02272919,2,27576.811672210693,2.0697367
0.012131192,935448,997.86,0.8225455,0.0,1000,0.3737037181854248,99.50011032481252,-0.02193866,2,27635.16088604927,2.0676498
0.011791824,937496,997.86,0.8009052,0.0,1002,0.4290198087692261,99.49256137271877,-0.020787282,2,27693.781309127808,2.0687788
0.008847008,939544,997.86,0.79402095,0.0,1004,0.3820197582244873,99.52394437816885,-0.020731673,2,27752.280830144882,2.079491
0.009294013,941592,997.86,0.7394086,0.0,1006,0.4122875928878784,99.55365654794781,-0.02399561,2,27810.49191713333,2.0824118
0.009534642,943640,997.86,0.5956817,0.0,1008,0.38859957456588745,99.63669220396136,-0.022273086,2,27868.699823141098,2.0938795
0.00890924,945688,997.86,0.78080326,0.0,1010,0.3616371750831604,99.73032318274127,-0.020773785,2,27927.736114263535,2.0890079
0.009587838,947736,1004.86,0.8415506,0.0,1012,0.3266465663909912,100.7158122580851,-0.021953847,2,27986.680114269257,2.0924723
0.010706441,949784,1004.86,0.82001036,0.0,1014,0.3289060592651367,100.81250461100446,-0.018379793,2,28045.457566976547,2.0930672
0.009645624,951832,1004.86,0.8374831,0.0,1016,0.3782731294631958,100.84499293216336,-0.02316511,2,28103.75553917885,2.0927057
0.00971724,953880,1004.86,0.83527803,0.0,1018,0.36646586656570435,100.92584260350831,-0.019313399,2,28162.111243009567,2.1007428
0.00973642,955928,1004.86,0.8427603,0.0,1020,0.3819493055343628,101.01049715909605,-0.018269412,2,28219.99968099594,2.1127698
0.008334158,957976,1004.86,0.81670874,0.0,1022,0.38998305797576904,101.08613459850741,-0.01766217,2,28278.91601920128,2.1237268
0.013065489,960024,1004.86,0.8382989,0.0,1024,0.3485040068626404,101.10927010489843,-0.02193157,2,28337.462915182114,2.13089
0.011745827,962072,1004.86,0.8263907,0.0,1026,0.3743773102760315,101.19239049872816,-0.022231117,2,28396.523884058,2.1302366
0.011164349,964120,1004.86,0.8271724,0.0,1028,0.35807639360427856,101.1542438303846,-0.023083422,2,28455.31975221634,2.1281614
0.0107175335,966168,1004.86,0.77619314,0.0,1030,0.3787608742713928,101.19359895658965,-0.020021252,2,28514.065747261047,2.138542
0.012890132,968216,1004.86,0.7152385,0.0,1032,0.41882461309432983,101.28648723942425,-0.020862645,2,28572.540867090225,2.1458044
0.010657035,970264,1006.35,0.8182789,0.0,1034,0.4035990238189697,101.72103445099816,-0.018412512,2,28630.977820158005,2.158215
0.011577747,972312,1006.35,0.7864835,0.0,1036,0.38721972703933716,101.79703600684643,-0.021835452,2,28689.12581396103,2.1457367
0.012598546,974360,1007.54,0.52671975,0.0,1038,0.44052326679229736,102.23442531318166,-0.026246782,2,28747.22299003601,2.14143
0.00791954,976408,1007.54,0.736731,0.0,1040,0.3887980580329895,102.2526770679145,-0.020100733,2,28805.531036138535,2.132908
0.008764071,978456,1007.54,0.7917802,0.0,1042,0.35414695739746094,102.29306735765485,-0.020829456,2,28863.699315309525,2.107155
0.010643371,980504,1007.54,0.76838124,0.0,1044,0.40165698528289795,102.33118104441728,-0.021424646,2,28922.619875192642,2.1207647
0.012192945,982552,1007.54,0.6834139,0.0,1046,0.4227842092514038,102.47584327044795,-0.021070642,2,28981.683529376984,2.1164923
0.009725746,984600,1007.54,0.7955183,0.0,1048,0.33492064476013184,102.54137794205491,-0.022574876,2,29040.25593328476,2.1224775
0.009670272,986648,1007.54,0.8344505,0.0,1050,0.3366750478744507,102.62019151983874,-0.021656044,2,29099.252171993256,2.1274412
0.009601706,988696,1007.54,0.64921826,0.0,1052,0.4211612343788147,102.61390821809086,-0.024934176,2,29157.444474220276,2.125717
0.011173254,990744,1007.54,0.8460972,0.0,1054,0.41197603940963745,102.64250785325639,-0.020631619,2,29216.312006235123,2.1186984
0.010619678,992792,1007.54,0.8468205,0.0,1056,0.3024750351905823,102.6921662647962,-0.022971565,2,29274.96893811226,2.1228864
0.010427876,994840,1007.54,0.80897427,0.0,1058,0.3879626989364624,102.75276772203922,-0.019343667,2,29333.88004207611,2.1398587
0.0089446,996888,1007.54,0.82536274,0.0,1060,0.381644070148468,102.81618275494954,-0.02076141,2,29392.3123960495,2.1326559
0.008450724,998936,1012.32,0.82709527,0.0,1062,0.3932345509529114,103.67323156274482,-0.016239181,2,29450.687845230103,2.1516569
0.011085448,1000984,1012.32,0.78495383,0.0,1064,0.36677610874176025,103.74822749232546,-0.017200787,2,29509.149447202682,2.1549761
0.013034923,1003032,1017.26,0.8312646,0.0,1066,0.36960119009017944,104.47830922420103,-0.020192584,2,29567.771762132645,2.1650205
0.007309658,1005080,1017.26,0.7483528,0.0,1068,0.37807154655456543,104.50199080391005,-0.02217009,2,29626.486982107162,2.1630368
0.011162262,1007128,1018.7,0.8462817,0.0,1070,0.37802690267562866,104.8231246315435,-0.021110734,2,29685.12093114853,2.1711316
0.010720448,1009176,1018.7,0.49223328,0.0,1072,0.42674750089645386,104.88846273902568,-0.022499349,2,29743.463326215744,2.1694186
0.011560167,1011224,1018.7,0.8589164,0.0,1074,0.3727526068687439,104.95881021450008,-0.021303378,2,29801.888360261917,2.1696396
0.011086399,1013272,1018.7,0.8481427,0.0,1076,0.4132709503173828,105.01502116819199,-0.021895785,2,29860.040122270584,2.170651
0.008451892,1015320,1018.7,0.7724883,0.0,1078,0.3741346597671509,105.18908723708371,-0.01867969,2,29918.413827180862,2.176159
0.009593621,1017368,1018.7,0.84524715,0.0,1080,0.3190496563911438,105.16048864655437,-0.022391059,2,29976.494952201843,2.1740878
0.010722865,1019416,1024.0,0.8237208,0.0,1082,0.41202598810195923,105.96331948467918,-0.022258371,2,30034.487362146378,2.1599622
0.009794898,1021464,1024.0,0.78877044,0.0,1084,0.4061107039451599,105.97596348312386,-0.018011391,2,30093.551695108414,2.1728635
0.010249224,1023512,1024.0,0.79733676,0.0,1086,0.3735807538032532,106.0312695621277,-0.019052995,2,30152.092397212982,2.190788
0.006234974,1025560,1024.0,0.76075,0.0,1088,0.39530086517333984,106.01341057869917,-0.019772436,2,30211.697837114334,2.19738
0.012756575,1027608,1024.0,0.7755176,0.0,1090,0.4099894165992737,106.01654466041653,-0.022955067,2,30270.03102517128,2.1923413
0.013521345,1029656,1024.0,0.81135213,0.0,1092,0.3465377688407898,106.02255859618174,-0.022185355,2,30328.06551027298,2.1821566
0.012315947,1031704,1024.0,0.7740099,0.0,1094,0.3940221071243286,106.13153158367811,-0.020361548,2,30386.704471111298,2.1932406
0.009096086,1033752,1024.0,0.7883575,0.0,1096,0.39221733808517456,106.18102735405832,-0.022563405,2,30445.003907203674,2.1899672
0.009016088,1035800,1024.0,0.7417354,0.0,1098,0.42289507389068604,106.15386936064967,-0.027750311,2,30503.968083143234,2.164399
0.009015893,1037848,1024.0,0.84374696,0.0,1100,0.37584763765335083,106.0124782636875,-0.02135336,2,30562.18407225609,2.159139
0.0116155185,1039896,1024.0,0.8194432,0.0,1102,0.3891060948371887,106.04744297666052,-0.02287204,2,30620.268606185913,2.1518812
0.0090229055,1041944,1024.0,0.83461624,0.0,1104,0.3896326422691345,106.0464573765335,-0.0210269,2,30678.22362112999,2.16803
0.007417963,1043992,1024.0,0.801792,0.0,1106,0.4091721773147583,106.06276162535706,-0.018491615,2,30736.94607424736,2.1546063
0.008367171,1046040,1024.0,0.7512326,0.0,1108,0.4108273983001709,106.03754458620216,-0.02170467,2,30795.574342250824,2.155815
0.012076001,1047843,1021.55,0.60851055,0.0,1110,0.3966304063796997,105.49327592752546,-0.02711292,2,30854.229082107544,2.1558504
0.009692124,1049891,1021.55,0.8277349,0.0,1112,0.3849588632583618,105.48726251983722,-0.022318605,2,30912.189474105835,2.1597111
0.012508427,1051939,1021.55,0.82162124,0.0,1114,0.39489734172821045,105.46431545740687,-0.01968667,2,30971.1258790493,2.163933
0.007916257,1053987,1021.55,0.8998583,0.0,1116,0.4502190947532654,105.53484841318557,-0.024070162,2,31029.21932530403,2.1580515
0.010241172,1056000,1021.2,0.6609133,0.0,1118,0.5663074553012848,105.15474434879653,-0.023682501,2,31087.85558605194,2.1677365
0.008259392,1058048,1021.2,0.8386916,0.0,1120,0.34011346101760864,105.12541669592501,-0.021199113,2,31146.479451179504,2.165897
0.0100395745,1060096,1021.2,0.81593144,0.0,1122,0.3860716223716736,105.11418183211431,-0.0214766,2,31205.403606176376,2.1748037
0.008829192,1062144,1021.2,0.8341792,0.0,1124,0.4162929058074951,105.18435183009355,-0.016157774,2,31263.561920166016,2.188133
0.009463196,1064192,1021.2,0.7944998,0.0,1126,0.3875318169593811,105.155529045474,-0.021907752,2,31321.88967013359,2.195526
0.008146444,1066240,1021.2,0.79675925,0.0,1128,0.4024317264556885,105.18546866170374,-0.021914374,2,31380.386756181717,2.1944325
0.009614622,1068288,1021.2,0.82271695,0.0,1130,0.3753165602684021,105.19705228849209,-0.017122384,2,31439.07603096962,2.207054
0.00924888,1070336,1021.2,0.8321193,0.0,1132,0.36898940801620483,105.19086606110743,-0.018280424,2,31497.259624242783,2.2167883
0.00921886,1072384,1021.2,0.7582805,0.0,1134,0.4035859704017639,105.1353924218275,-0.024981469,2,31555.76765727997,2.2121003
0.009329401,1074432,1021.2,0.7987828,0.0,1136,0.34419840574264526,105.13274040478555,-0.023247521,2,31614.090386152267,2.2055442
0.007509237,1076405,1020.45,0.561564,0.0,1138,0.4613388180732727,104.82887654840435,-0.022258881,2,31672.21125817299,2.229129
0.008848152,1078453,1020.45,0.93429977,0.0,1140,0.4210156202316284,104.83030724852419,-0.026924346,2,31730.499982118607,2.2215378
0.008970049,1080501,1020.45,0.8452802,0.0,1142,0.3479610085487366,104.78636421738148,-0.019385649,2,31788.968234062195,2.2341106
0.011723715,1082549,1020.45,0.8158411,0.0,1144,0.3564835786819458,104.77052718110936,-0.02163961,2,31847.654578208923,2.229226
0.010526917,1084597,1020.45,0.792706,0.0,1146,0.34524720907211304,104.78351547185386,-0.019019423,2,31905.869739055634,2.2359774
0.00781906,1086645,1020.45,0.7570719,0.0,1148,0.3940514922142029,104.75585242122833,-0.022757556,2,31963.738468170166,2.2464983
0.00911763,1088693,1020.45,0.83314204,0.0,1150,0.3573673367500305,104.72168602204118,-0.021245575,2,32022.122212171555,2.2549787
0.007595442,1091191,1014.71,0.87334687,0.0,1153,0.38724130392074585,103.9196438855955,-0.022404062,3,32082.097009181976,2.2596157
0.009348523,1093239,1014.71,0.84182227,0.0,1155,0.33840376138687134,103.90206469099252,-0.02316514,2,32140.728901147842,2.2462795
0.011950721,1095287,1014.71,0.86674184,0.0,1157,0.3177945613861084,103.84767475234828,-0.02514128,2,32199.282190084457,2.2493107
0.010570109,1097335,1014.71,0.80871713,0.0,1159,0.37336254119873047,103.80362014827242,-0.022240356,2,32259.12944316864,2.2573164
0.0067259474,1099383,1014.71,0.7225994,0.0,1161,0.3904991149902344,103.77324628332066,-0.02629795,2,32317.415974140167,2.2436855
0.0100121265,1101431,1014.71,0.8254882,0.0,1163,0.3844738006591797,103.75179486076313,-0.021323472,2,32375.600983142853,2.2562487
0.010561227,1103479,1014.71,0.78076315,0.0,1165,0.4187846779823303,103.74698947184392,-0.021195807,2,32432.701788187027,2.2621257
0.008913785,1105527,1014.71,0.8335191,0.0,1167,0.3795648217201233,103.72016941991511,-0.019874344,2,32489.65033698082,2.2715657
0.009425865,1107575,1014.71,0.76672375,0.0,1169,0.4266309142112732,103.68839177636966,-0.02320186,2,32547.324600219727,2.2757654
0.00898928,1109623,1014.71,0.7964757,0.0,1171,0.3789655566215515,103.71191833687669,-0.02099877,2,32606.68736410141,2.2709115
0.010874726,1111671,1014.71,0.82067245,0.0,1173,0.4039052128791809,103.71065965337368,-0.019107064,2,32666.189246177673,2.2707357
0.0074075204,1113719,1014.71,0.7805404,0.0,1175,0.40382885932922363,103.7121648462688,-0.016616138,2,32725.226108312607,2.286038
0.009103155,1115767,1014.71,0.8286037,0.0,1177,0.35791099071502686,103.69469116897459,-0.019573284,2,32784.19179105759,2.291611
0.006569263,1117815,1014.71,0.6344257,0.0,1179,0.4004462957382202,103.71496573113667,-0.023455728,2,32843.44665312767,2.2898762
0.008379536,1119863,1014.71,0.5774993,0.0,1181,0.5668982267379761,103.72272971819848,-0.02498375,2,32902.44993710518,2.2865398
0.0060825697,1121911,1014.71,0.68224674,0.0,1183,0.35074496269226074,103.77857005084563,-0.018734626,2,32961.926121234894,2.30396
0.008731273,1123959,1014.71,0.68468523,0.0,1185,0.40512150526046753,103.80977885311728,-0.025763482,2,33021.256026268005,2.2956693
0.009607634,1126007,1014.71,0.87834835,0.0,1187,0.3380049467086792,103.8400736142091,-0.020263053,2,33080.354377269745,2.2893932
0.010880409,1128055,1014.71,0.84346807,0.0,1189,0.42197185754776,103.87097888017048,-0.022819988,2,33139.96422600746,2.3006866
0.01070513,1130103,1014.71,0.8794815,0.0,1191,0.4014933109283447,103.89831505271947,-0.020052316,2,33199.24177312851,2.3168976
0.00944579,1132151,1014.71,0.781819,0.0,1193,0.4026455283164978,103.88078370973743,-0.021860743,2,33258.38998603821,2.319939
0.009448881,1134199,1014.71,0.8378453,0.0,1195,0.3827422857284546,103.8858874108898,-0.021367192,2,33317.733379125595,2.3216426
0.009378152,1136247,1014.71,0.8397961,0.0,1197,0.36668676137924194,103.83249344433182,-0.024017576,2,33376.70345497131,2.3214576
0.015657015,1138295,1014.71,0.7957994,0.0,1199,0.3772106170654297,103.94095755331277,-0.024141075,2,33436.01818013191,2.3228524
